,height,mid_height,concrete_area,reinf_steel_area,conf_steel_area,strain,concrete_stress,reinf_steel_stress,conf_steel_stress,concrete_force,reinf_steel_force,conf_steel_force,total_force,total_moment
0,0.0005,0.00025,0.00015,0.0,0.0,0.0034941960358066547,28333333.333333332,0.0,0,4249.999999999999,0.0,0,4249.999999999999,636.4374999999999
1,0.001,0.00075,0.00015,0.0,0.0,0.003482588107419963,28333333.333333332,0.0,0,4249.999999999999,0.0,0,4249.999999999999,634.3124999999999
2,0.0015,0.00125,0.00015,0.0,0.0,0.003470980179033272,28333333.333333332,0.0,0,4249.999999999999,0.0,0,4249.999999999999,632.1874999999999
3,0.002,0.00175,0.00015,0.0,0.0,0.003459372250646581,28333333.333333332,0.0,0,4249.999999999999,0.0,0,4249.999999999999,630.0624999999999
4,0.0025,0.0022500000000000003,0.00015,0.0,0.0,0.003447764322259889,28333333.333333332,0.0,0,4249.999999999999,0.0,0,4249.999999999999,627.9374999999999
5,0.003,0.00275,0.00015,0.0,0.0,0.003436156393873198,28333333.333333332,0.0,0,4249.999999999999,0.0,0,4249.999999999999,625.8124999999999
6,0.0035,0.0032500000000000003,0.00015,0.0,0.0,0.0034245484654865065,28333333.333333332,0.0,0,4249.999999999999,0.0,0,4249.999999999999,623.6874999999999
7,0.004,0.00375,0.00015,0.0,0.0,0.0034129405370998153,28333333.333333332,0.0,0,4249.999999999999,0.0,0,4249.999999999999,621.5624999999998
8,0.0045000000000000005,0.00425,0.00015000000000000012,0.0,0.0,0.003401332608713124,28333333.333333332,0.0,0,4250.000000000004,0.0,0,4250.000000000004,619.4375000000005
9,0.005000000000000001,0.004750000000000001,0.00015000000000000012,0.0,0.0,0.0033897246803264326,28333333.333333332,0.0,0,4250.000000000004,0.0,0,4250.000000000004,617.3125000000005
10,0.0055,0.0052499999999999995,0.00015000000000000012,0.0,0.0,0.0033781167519397414,28333333.333333332,0.0,0,4250.000000000004,0.0,0,4250.000000000004,615.1875000000005
11,0.006,0.00575,0.00015000000000000012,0.0,0.0,0.00336650882355305,28333333.333333332,0.0,0,4250.000000000004,0.0,0,4250.000000000004,613.0625000000005
12,0.006500000000000001,0.00625,0.00015000000000000012,0.0,0.0,0.0033549008951663586,28333333.333333332,0.0,0,4250.000000000004,0.0,0,4250.000000000004,610.9375000000005
13,0.007000000000000001,0.006750000000000001,0.00015000000000000012,0.0,0.0,0.0033432929667796675,28333333.333333332,0.0,0,4250.000000000004,0.0,0,4250.000000000004,608.8125000000005
14,0.0075,0.0072499999999999995,0.00015000000000000012,0.0,0.0,0.003331685038392976,28333333.333333332,0.0,0,4250.000000000004,0.0,0,4250.000000000004,606.6875000000005
15,0.008,0.00775,0.00015000000000000012,0.0,0.0,0.0033200771100062847,28333333.333333332,0.0,0,4250.000000000004,0.0,0,4250.000000000004,604.5625000000005
16,0.0085,0.00825,0.00015000000000000012,0.0,0.0,0.0033084691816195936,28333333.333333332,0.0,0,4250.000000000004,0.0,0,4250.000000000004,602.4375000000005
17,0.009000000000000001,0.00875,0.00015000000000000012,0.0,0.0,0.003296861253232902,28333333.333333332,0.0,0,4250.000000000004,0.0,0,4250.000000000004,600.3125000000005
18,0.009500000000000001,0.009250000000000001,0.00015000000000000012,0.0,0.0,0.003285253324846211,28333333.333333332,0.0,0,4250.000000000004,0.0,0,4250.000000000004,598.1875000000005
19,0.01,0.00975,0.00015000000000000012,0.0,0.0,0.0032736453964595192,28333333.333333332,0.0,0,4250.000000000004,0.0,0,4250.000000000004,596.0625000000005
20,0.0105,0.01025,0.00015000000000000012,0.0,0.0,0.003262037468072828,28333333.333333332,0.0,0,4250.000000000004,0.0,0,4250.000000000004,593.9375000000005
21,0.011000000000000001,0.010750000000000001,0.00015000000000000012,0.0,0.0,0.003250429539686137,28333333.333333332,0.0,0,4250.000000000004,0.0,0,4250.000000000004,591.8125000000005
22,0.0115,0.01125,0.00015000000000000012,0.0,0.0,0.0032388216112994453,28333333.333333332,0.0,0,4250.000000000004,0.0,0,4250.000000000004,589.6875000000005
23,0.012,0.01175,0.00015000000000000012,0.0,0.0,0.003227213682912754,28333333.333333332,0.0,0,4250.000000000004,0.0,0,4250.000000000004,587.5625000000005
24,0.0125,0.01225,0.00015000000000000012,0.0,0.0,0.0032156057545260626,28333333.333333332,0.0,0,4250.000000000004,0.0,0,4250.000000000004,585.4375000000005
25,0.013000000000000001,0.012750000000000001,0.00015000000000000012,0.0,0.0,0.0032039978261393714,28333333.333333332,0.0,0,4250.000000000004,0.0,0,4250.000000000004,583.3125000000005
26,0.013500000000000002,0.013250000000000001,0.00015000000000000012,0.0,0.0,0.0031923898977526803,28333333.333333332,0.0,0,4250.000000000004,0.0,0,4250.000000000004,581.1875000000005
27,0.014,0.01375,0.00015000000000000012,0.0,0.0,0.0031807819693659887,28333333.333333332,0.0,0,4250.000000000004,0.0,0,4250.000000000004,579.0625000000005
28,0.0145,0.01425,0.00015000000000000012,0.0,0.0,0.0031691740409792975,28333333.333333332,0.0,0,4250.000000000004,0.0,0,4250.000000000004,576.9375000000005
29,0.015000000000000001,0.014750000000000001,0.00015000000000000012,0.0,0.0,0.003157566112592606,28333333.333333332,0.0,0,4250.000000000004,0.0,0,4250.000000000004,574.8125000000005
30,0.0155,0.01525,0.00015000000000000012,0.0,0.0,0.0031459581842059148,28333333.333333332,0.0,0,4250.000000000004,0.0,0,4250.000000000004,572.6875000000005
31,0.016,0.01575,0.00015000000000000012,0.0,0.0,0.0031343502558192236,28333333.333333332,0.0,0,4250.000000000004,0.0,0,4250.000000000004,570.5625000000005
32,0.0165,0.01625,0.00015000000000000012,0.0,0.0,0.003122742327432532,28333333.333333332,0.0,0,4250.000000000004,0.0,0,4250.000000000004,568.4375000000005
33,0.017,0.01675,0.00015000000000000012,0.0,0.0,0.003111134399045841,28333333.333333332,0.0,0,4250.000000000004,0.0,0,4250.000000000004,566.3125000000005
34,0.0175,0.01725,0.00015000000000000012,0.0,0.0,0.0030995264706591497,28333333.333333332,0.0,0,4250.000000000004,0.0,0,4250.000000000004,564.1875000000003
35,0.018000000000000002,0.017750000000000002,0.00015000000000000012,0.0,0.0,0.003087918542272458,28333333.333333332,0.0,0,4250.000000000004,0.0,0,4250.000000000004,562.0625000000003
36,0.018500000000000003,0.018250000000000002,0.00015000000000000012,0.0,0.0,0.003076310613885767,28333333.333333332,0.0,0,4250.000000000004,0.0,0,4250.000000000004,559.9375000000003
37,0.019,0.01875,0.00015000000000000012,0.0,0.0,0.0030647026854990762,28333333.333333332,0.0,0,4250.000000000004,0.0,0,4250.000000000004,557.8125000000005
38,0.0195,0.01925,0.00015000000000000012,0.0,0.0,0.0030530947571123846,28333333.333333332,0.0,0,4250.000000000004,0.0,0,4250.000000000004,555.6875000000005
39,0.02,0.01975,0.00015000000000000012,0.0,0.0,0.0030414868287256935,28333333.333333332,0.0,0,4250.000000000004,0.0,0,4250.000000000004,553.5625000000005
40,0.0205,0.02025,0.00015000000000000012,0.0,0.0,0.0030298789003390023,28333333.333333332,0.0,0,4250.000000000004,0.0,0,4250.000000000004,551.4375000000005
41,0.021,0.02075,0.00015000000000000012,0.0,0.0,0.0030182709719523107,28333333.333333332,0.0,0,4250.000000000004,0.0,0,4250.000000000004,549.3125000000005
42,0.021500000000000002,0.02125,0.00015000000000000012,0.0,0.0,0.0030066630435656196,28333333.333333332,0.0,0,4250.000000000004,0.0,0,4250.000000000004,547.1875000000005
43,0.022000000000000002,0.021750000000000002,0.00015000000000000012,0.0,0.0,0.0029950551151789284,28333333.333333332,0.0,0,4250.000000000004,0.0,0,4250.000000000004,545.0625000000005
44,0.0225,0.02225,0.00015000000000000012,0.0,0.0,0.002983447186792237,28333333.333333332,0.0,0,4250.000000000004,0.0,0,4250.000000000004,542.9375000000005
45,0.023,0.02275,0.00015000000000000012,0.0,0.0,0.0029718392584055457,28333333.333333332,0.0,0,4250.000000000004,0.0,0,4250.000000000004,540.8125000000005
46,0.0235,0.02325,0.00015000000000000012,0.0,0.0,0.002960231330018854,28333333.333333332,0.0,0,4250.000000000004,0.0,0,4250.000000000004,538.6875000000005
47,0.024,0.02375,0.00015000000000000012,0.0,0.0,0.002948623401632163,28333333.333333332,0.0,0,4250.000000000004,0.0,0,4250.000000000004,536.5625000000005
48,0.0245,0.02425,0.00015000000000000012,0.0,0.0,0.0029370154732454717,28333333.333333332,0.0,0,4250.000000000004,0.0,0,4250.000000000004,534.4375000000005
49,0.025,0.02475,0.00015000000000000012,0.0,0.0,0.00292540754485878,28333333.333333332,0.0,0,4250.000000000004,0.0,0,4250.000000000004,532.3125000000005
50,0.025500000000000002,0.02525,0.00015000000000000012,0.0,0.0,0.002913799616472089,28333333.333333332,0.0,0,4250.000000000004,0.0,0,4250.000000000004,530.1875000000005
51,0.026000000000000002,0.025750000000000002,0.00015000000000000012,0.0,0.0,0.0029021916880853974,28333333.333333332,0.0,0,4250.000000000004,0.0,0,4250.000000000004,528.0625000000005
52,0.026500000000000003,0.026250000000000002,0.00015000000000000012,0.0,0.0,0.0028905837596987062,28333333.333333332,0.0,0,4250.000000000004,0.0,0,4250.000000000004,525.9375000000005
53,0.027,0.02675,0.00015000000000000012,0.0,0.0,0.002878975831312015,28333333.333333332,0.0,0,4250.000000000004,0.0,0,4250.000000000004,523.8125000000005
54,0.0275,0.02725,0.00015000000000000012,0.0,0.0,0.0028673679029253235,28333333.333333332,0.0,0,4250.000000000004,0.0,0,4250.000000000004,521.6875000000005
55,0.028,0.02775,0.00015000000000000012,0.0,0.0,0.0028557599745386323,28333333.333333332,0.0,0,4250.000000000004,0.0,0,4250.000000000004,519.5625000000005
56,0.0285,0.02825,0.00015000000000000012,0.0,0.0,0.0028441520461519407,28333333.333333332,0.0,0,4250.000000000004,0.0,0,4250.000000000004,517.4375000000005
57,0.029,0.02875,0.00015000000000000012,0.0,0.0,0.0028325441177652496,28333333.333333332,0.0,0,4250.000000000004,0.0,0,4250.000000000004,515.3125000000005
58,0.029500000000000002,0.02925,0.00015000000000000012,0.0,0.0,0.0028209361893785584,28333333.333333332,0.0,0,4250.000000000004,0.0,0,4250.000000000004,513.1875000000005
59,0.030000000000000002,0.029750000000000002,0.00015000000000000012,0.0,0.0,0.002809328260991867,28333333.333333332,0.0,0,4250.000000000004,0.0,0,4250.000000000004,511.0625000000004
60,0.0305,0.03025,0.00015000000000000012,0.0,0.0,0.0027977203326051757,28333333.333333332,0.0,0,4250.000000000004,0.0,0,4250.000000000004,508.9375000000004
61,0.031,0.03075,0.00015000000000000012,0.0,0.0,0.0027861124042184845,28333333.333333332,0.0,0,4250.000000000004,0.0,0,4250.000000000004,506.8125000000004
62,0.0315,0.03125,0.00015000000000000012,0.0,0.0,0.002774504475831793,28333333.333333332,0.0,0,4250.000000000004,0.0,0,4250.000000000004,504.6875000000004
63,0.032,0.03175,0.00015000000000000012,0.0,0.0,0.0027628965474451018,28333333.333333332,0.0,0,4250.000000000004,0.0,0,4250.000000000004,502.5625000000004
64,0.0325,0.03225,0.00015000000000000012,0.0,0.0,0.00275128861905841,28333333.333333332,0.0,0,4250.000000000004,0.0,0,4250.000000000004,500.4375000000004
65,0.033,0.03275,0.00015000000000000012,0.0,0.0,0.002739680690671719,28333333.333333332,0.0,0,4250.000000000004,0.0,0,4250.000000000004,498.3125000000004
66,0.0335,0.03325,0.00015000000000000012,0.0,0.0,0.002728072762285028,28333333.333333332,0.0,0,4250.000000000004,0.0,0,4250.000000000004,496.1875000000004
67,0.034,0.03375,0.00015000000000000012,0.0,0.0,0.0027164648338983363,28333333.333333332,0.0,0,4250.000000000004,0.0,0,4250.000000000004,494.0625000000004
68,0.0345,0.03425,0.00015000000000000012,0.0,0.0,0.002704856905511645,28333333.333333332,0.0,0,4250.000000000004,0.0,0,4250.000000000004,491.9375000000004
69,0.035,0.03475,0.00015000000000000012,0.0,0.0,0.0026932489771249535,28333333.333333332,0.0,0,4250.000000000004,0.0,0,4250.000000000004,489.8125000000004
70,0.035500000000000004,0.035250000000000004,0.00015000000000000012,0.0,0.0,0.0026816410487382624,28333333.333333332,0.0,0,4250.000000000004,0.0,0,4250.000000000004,487.6875000000004
71,0.036000000000000004,0.035750000000000004,0.00015000000000000012,0.0,0.0,0.002670033120351571,28333333.333333332,0.0,0,4250.000000000004,0.0,0,4250.000000000004,485.5625000000004
72,0.036500000000000005,0.036250000000000004,0.00015000000000000012,0.0,0.0,0.0026584251919648796,28333333.333333332,0.0,0,4250.000000000004,0.0,0,4250.000000000004,483.4375000000004
73,0.037,0.03675,0.00015000000000000012,0.0,0.0,0.0026468172635781884,28333333.333333332,0.0,0,4250.000000000004,0.0,0,4250.000000000004,481.31250000000034
74,0.0375,0.03725,0.00015000000000000012,0.0,0.0,0.0026352093351914973,28333333.333333332,0.0,0,4250.000000000004,0.0,0,4250.000000000004,479.18750000000034
75,0.038,0.03775,0.00015000000000000012,0.0,0.0,0.0026236014068048057,28333333.333333332,0.0,0,4250.000000000004,0.0,0,4250.000000000004,477.06250000000034
76,0.0385,0.03825,0.00015000000000000012,0.0,0.0,0.0026119934784181145,28333333.333333332,0.0,0,4250.000000000004,0.0,0,4250.000000000004,474.93750000000034
77,0.039,0.03875,0.00015000000000000012,0.0,0.0,0.002600385550031423,28333333.333333332,0.0,0,4250.000000000004,0.0,0,4250.000000000004,472.81250000000034
78,0.0395,0.03925,0.00015000000000000012,0.0,0.0,0.002588777621644732,28333333.333333332,0.0,0,4250.000000000004,0.0,0,4250.000000000004,470.68750000000034
79,0.04,0.03975,0.00015000000000000012,0.0,0.0,0.0025771696932580406,28333333.333333332,0.0,0,4250.000000000004,0.0,0,4250.000000000004,468.56250000000034
80,0.0405,0.04025,0.00015000000000000012,0.0,0.0,0.002565561764871349,28333333.333333332,0.0,0,4250.000000000004,0.0,0,4250.000000000004,466.43750000000034
81,0.041,0.04075,0.00015000000000000012,0.0,0.0,0.002553953836484658,28333333.333333332,0.0,0,4250.000000000004,0.0,0,4250.000000000004,464.31250000000034
82,0.0415,0.04125,0.00015000000000000012,0.0,0.0,0.0025423459080979663,28333333.333333332,0.0,0,4250.000000000004,0.0,0,4250.000000000004,462.18750000000034
83,0.042,0.04175,0.00015000000000000012,0.0,0.0,0.002530737979711275,28333333.333333332,0.0,0,4250.000000000004,0.0,0,4250.000000000004,460.06250000000034
84,0.0425,0.04225,0.00014489701710654177,5.102982893458359e-06,0.0,0.002519130051324584,28333333.333333332,434782608.6956522,0,4105.41548468535,2218.6882145471127,0,6324.1036992324625,681.4221735922978
85,0.043000000000000003,0.04275,0.00014045517392869696,9.54482607130317e-06,0.0,0.0025075221229378924,28333333.333333332,434782608.6956522,0,3979.5632613130806,4149.924378827465,0,8129.487640140545,871.8875494050734
86,0.043500000000000004,0.043250000000000004,0.00013768314309889383,1.2316856901106301e-05,0.0,0.0024959141945512012,28333333.333333332,434782608.6956522,0,3901.022387801992,5355.1551743940445,0,9256.177562196037,988.0969547644268
87,0.044000000000000004,0.043750000000000004,0.00013551512158038482,1.4484878419615301e-05,0.0,0.0024843062661645096,28333333.333333332,434782608.6956522,0,3839.5951114442364,6297.773225919696,0,10137.368337363932,1077.0953858449177
88,0.0445,0.04425,0.00013371158699668271,1.6288413003317398e-05,0.0,0.002472698337777819,28333333.333333332,434782608.6956522,0,3788.49496490601,7081.918697094521,0,10870.41366200053,1149.546244756556
89,0.045,0.04475,0.00013210215517810275,1.789784482189739e-05,0.0,0.0024610904093911273,28333333.333333332,434782608.6956522,0,3742.894396712911,7781.671661694518,0,11524.566058407428,1212.9605776473818
90,0.0455,0.04525,0.00013072909862537062,1.9270901374629515e-05,0.0,0.002449482481004436,28333333.333333332,434782608.6956522,0,3703.991127718834,8378.65277157805,0,12082.643899296883,1265.6569484513484
91,0.046,0.04575,0.00012944717658244768,2.0552823417552457e-05,0.0,0.002437874552617745,28333333.333333332,434782608.69565225,0,3667.670003169351,8936.010181544549,0,12603.6801847139,1313.9336592564239
92,0.0465,0.04625,0.00012833532998448633,2.166467001551381e-05,0.0,0.0024262666242310534,28333333.333333332,434782608.6956522,0,3636.1676828937793,9419.42174587557,0,13055.58942876935,1354.51740323482
93,0.047,0.04675,0.00012727077135546655,2.2729228644533586e-05,0.0,0.0024146586958443622,28333333.333333332,434782608.6956522,0,3606.0051884048853,9882.273323710255,0,13488.27851211514,1392.6647563758881
94,0.0475,0.04725,0.00012635075179761684,2.3649248202383264e-05,0.0,0.002403050767457671,28333333.333333332,434782608.6956522,0,3579.9379675991436,10282.281827123159,0,13862.219794722303,1424.3430839077166
95,0.048,0.04775,0.00012545184491367597,2.454815508632415e-05,0.0,0.0023914428390709795,28333333.333333332,434782608.6956522,0,3554.4689392208193,10673.110907097456,0,14227.579846318276,1454.7700392860436
96,0.0485,0.04825,0.0001246699111206563,2.5330088879343826e-05,0.0,0.0023798349106842883,28333333.333333332,434782608.6956522,0,3532.314148418595,11013.082121453837,0,14545.396269872432,1479.99407045952
97,0.049,0.04875,0.00012392826057438426,2.6071739425615858e-05,0.0,0.0023682269822975967,28333333.333333332,434782608.6956522,0,3511.3007162742206,11335.538880702547,0,14846.839596976766,1503.2425091938974
98,0.0495,0.04925,0.00012322969539382437,2.6770304606175755e-05,0.0,0.0023566190539109056,28333333.333333332,434782608.6956522,0,3491.5080361583573,11639.262872250329,0,15130.770908408686,1524.425169022175
99,0.05,0.04975,0.00012262682036527867,2.7373179634721452e-05,0.0,0.0023450111255242144,28333333.333333332,434782608.6956522,0,3474.4265770162287,11901.382449878893,0,15375.809026895122,1541.4248549462359
100,0.0505,0.05025,0.00012202789683035433,2.7972103169645816e-05,0.0,0.002333403197137523,28333333.333333332,434782608.6956522,0,3457.4570768600393,12161.78398680253,0,15619.241063662568,1558.019296100341
101,0.051000000000000004,0.05075,0.00012150197912763502,2.84980208723651e-05,0.0,0.0023217952687508317,28333333.333333332,434782608.6956522,0,3442.556075282992,12390.443857550043,0,15832.999932833034,1571.4252433336785
102,0.051500000000000004,0.051250000000000004,0.00012102901435174371,2.8970985648256422e-05,0.0,0.00231018734036414,28333333.333333332,434782608.6956522,0,3429.155406632738,12596.080716633227,0,16025.236123265964,1582.4920671725138
103,0.052000000000000005,0.051750000000000004,0.0001205595303720598,2.9440469627940332e-05,0.0,0.002298579411977449,28333333.333333332,434782608.6956522,0,3415.853360541694,12800.204186061015,0,16216.05754660271,1593.227653953716
104,0.052500000000000005,0.052250000000000005,0.00012016897846507566,2.9831021534924464e-05,0.0,0.0022869714835907578,28333333.333333332,434524581.882244,0,3404.7877231771436,12962.312159583269,0,16367.099882760413,1599.8840135398302
105,0.053,0.05275,0.00011981117274376116,3.0188827256238978e-05,0.0,0.0022753635552040666,28333333.333333332,432319075.48877263,0,3394.649894406566,13051.205889507495,0,16445.855783914063,1599.3594749856427
106,0.0535,0.05325,0.00011945785210971081,3.054214789028931e-05,0.0,0.0022637556268173755,28333333.333333332,430113569.09530133,0,3384.639143108473,13136.592236928862,0,16521.231380037334,1598.429136018612
107,0.054,0.05375,0.0001191802475735368,3.0819752426463316e-05,0.0,0.002252147698430684,28333333.333333332,427908062.7018299,0,3376.7736812502094,13188.020553757939,0,16564.794235008147,1594.3614451195342
108,0.0545,0.05425,0.00011892976061334551,3.107023938665462e-05,0.0,0.0022405397700439927,28333333.333333332,425702556.3083586,0,3369.676550711456,13226.680332011521,0,16596.356882722976,1589.1011715207248
109,0.055,0.05475,0.0001186822868872243,3.131771311277583e-05,0.0,0.002228931841657301,28333333.333333332,423497049.9148872,0,3362.664795138022,13262.959113341343,0,16625.623908479363,1583.5906772826593
110,0.0555,0.05525,0.00011850467366014366,3.1495326339856474e-05,0.0,0.00221732391327061,28333333.333333332,421291543.5214159,0,3357.632420370737,13268.71464742884,0,16626.347067799576,1575.3463846740099
111,0.056,0.05575,0.00011835633767260532,3.1643662327394815e-05,0.0,0.002205715984883919,28333333.333333332,419086037.1279446,0,3353.429567390484,13261.417045002725,0,16614.84661239321,1565.94929321806
112,0.0565,0.05625,0.00011820892658657346,3.179107341342666e-05,0.0,0.002194108056497227,28333333.333333332,416880530.73447317,0,3349.2529199529145,13253.079557207904,0,16602.332477160817,1556.4686697338266
113,0.057,0.05675,0.00011812281712442377,3.1877182875576356e-05,0.0,0.002182500128110536,28333333.333333332,414675024.34100187,0,3346.8131518586733,13218.671584852193,0,16565.484736710867,1544.7314516982883
114,0.0575,0.05725,0.00011807369027465428,3.192630972534584e-05,0.0,0.0021708921997238445,28333333.333333332,412469517.94753045,0,3345.421224448538,13168.629582256952,0,16514.05080670549,1531.6782123219343
115,0.058,0.05775,0.0001180245634248848,3.197543657511531e-05,0.0,0.0021592842713371533,28333333.333333332,410264011.55405915,0,3344.0292970384025,13118.370880499193,0,16462.400177537595,1518.656416377843
116,0.0585,0.05825,0.00011802456342488481,3.197543657511531e-05,0.0,0.002147676342950462,28333333.333333332,408058505.1605878,0,3344.029297038403,13047.848850698738,0,16391.87814773714,1503.9548200548827
117,0.059000000000000004,0.058750000000000004,0.00011807369027465428,3.192630972534584e-05,0.0,0.0021360684145637705,28333333.333333332,405852998.7671164,0,3345.421224448538,12957.388541599363,0,16302.8097660479,1487.6313911518707
118,0.059500000000000004,0.059250000000000004,0.00011812281712442375,3.1877182875576376e-05,0.0,0.0021244604861770794,28333333.333333332,403647492.37364507,0,3346.813151858673,12867.144931662504,0,16213.958083521176,1471.4166960795467
119,0.060000000000000005,0.059750000000000004,0.00011820892658657345,3.1791073413426686e-05,0.0,0.0021128525577903882,28333333.333333332,401441985.98017377,0,3349.2529199529145,12762.27164752751,0,16111.524567480425,1454.0650922151083
120,0.0605,0.06025,0.00011835633767260531,3.164366232739483e-05,0.0,0.0021012446294036966,28333333.333333332,399236479.58670235,0,3353.4295673904835,12633.304348819467,0,15986.73391620995,1434.809368979843
121,0.061,0.06075,0.00011850467366014366,3.1495326339856474e-05,0.0,0.0020896367010170055,28333333.333333332,397030973.19323105,0,3357.632420370737,12504.620067751619,0,15862.252488122356,1415.7060345649202
122,0.0615,0.06125,0.00011868228688722429,3.1317713112775846e-05,0.0,0.002078028772630314,28333333.333333332,394825466.7997596,0,3362.6647951380214,12365.030698852677,0,15727.6954939907,1395.8329750916744
123,0.062,0.06175,0.00011892976061334551,3.1070239386654636e-05,0.0,0.0020664208442436227,28333333.333333332,392619960.4062883,0,3369.676550711456,12198.796157802244,0,15568.4727085137,1373.917716526334
124,0.0625,0.06225,0.0001191802475735368,3.0819752426463316e-05,0.0,0.0020548129158569316,28333333.333333332,390414454.012817,0,3376.7736812502094,12032.476816387869,0,15409.250497638079,1352.1617311677414
125,0.063,0.06275,0.00011945785210971083,3.054214789028931e-05,0.0,0.00204320498747024,28333333.333333332,388208947.6193456,0,3384.6391431084735,11856.735090523629,0,15241.374233632103,1329.809901884401
126,0.0635,0.06325,0.00011981117274376114,3.0188827256238978e-05,0.0,0.002031597059083549,28333333.333333332,386003441.2258743,0,3394.6498944065656,11652.991207481715,0,15047.64110188828,1305.3828655888083
127,0.064,0.06375,0.00012016897846507568,2.9831021534924458e-05,0.0,0.0020199891306968572,28333333.333333332,383797934.8324029,0,3404.787723177144,11449.084459044943,0,14853.872182222087,1281.146475716655
128,0.0645,0.06425,0.00012055953037205982,2.9440469627940302e-05,0.0,0.002008381202310166,28333333.333333332,381592428.4389315,0,3415.8533605416947,11234.260299708347,0,14650.113660250041,1256.247246366441
129,0.065,0.06475,0.00012102901435174373,2.8970985648256388e-05,0.0,0.001996773273923475,28333259.58335836,379386922.0454602,0,3429.1464807459593,10991.213073715193,0,14420.359554461153,1229.3356520178131
130,0.0655,0.06525,0.00012150197912763505,2.8498020872365075e-05,0.0,0.0019851653455367833,28331774.52560761,377181415.6519888,0,3442.366677059238,10748.923855918583,0,14191.290532977822,1202.7118726698702
131,0.066,0.06575,0.00012202789683035431,2.7972103169645816e-05,0.0,0.001973557417150092,28328380.594503265,374975909.2585175,0,3456.8527045570554,10488.864819911,0,13945.717524468055,1174.9267014364334
132,0.0665,0.06625,0.00012262682036527867,2.7373179634721456e-05,0.0,0.001961949488763401,28323077.79004532,372770402.8650462,0,3473.1689723517015,10203.911200132396,0,13677.080172484097,1145.455464445543
133,0.067,0.06675,0.00012322969539382437,2.6770304606175762e-05,0.0,0.0019503415603767094,28315866.112233773,370564896.4715748,0,3489.355555822882,9920.135154900043,0,13409.490710722925,1116.3401016676833
134,0.0675,0.06725,0.00012392826057438426,2.6071739425615868e-05,0.0,0.001938733631990018,28306745.561068628,368359390.0781034,0,3508.005739904908,9603.770033095103,0,13111.77577300001,1084.9994452157507
135,0.068,0.06775,0.0001246699111206563,2.5330088879343822e-05,0.0,0.0019271257036033269,28295716.136549883,366153883.6846321,0,3527.624415838994,9274.710417248652,0,12802.334833087647,1052.992040021459
136,0.0685,0.06825,0.00012545184491367597,2.454815508632415e-05,0.0,0.0019155177752166355,28282777.83867754,363948377.29116076,0,3548.1266591457265,8934.26120915943,0,12482.387868305155,1020.4352082339464
137,0.069,0.06875,0.00012635075179761684,2.3649248202383285e-05,0.0,0.0019039098468299441,28267930.667451598,361742870.8976894,0,3571.6742915954183,8554.94693930215,0,12126.621230897568,985.2879750104273
138,0.0695,0.06925,0.0001272707713554665,2.272922864453361e-05,0.0,0.0018923019184432528,28251174.62287206,359537364.50421804,0,3595.548785950907,8172.006964069395,0,11767.555750020301,950.2301268141392
139,0.07,0.06975,0.00012833532998448633,2.1664670015513802e-05,0.0,0.0018806939900565616,28232509.704938915,357331858.1107467,0,3623.2284492735484,7741.476791999726,0,11364.705241273274,912.0175956121801
140,0.07050000000000001,0.07025,0.0001294471765824477,2.0552823417552427e-05,0.0,0.0018690860616698702,28211935.91365217,355126351.7172753,0,3651.9554499472306,7298.849197764775,0,10950.804647712006,873.3266706550323
141,0.07100000000000001,0.07075000000000001,0.00013072909862537062,1.9270901374629494e-05,0.0,0.0018574781332831788,28189453.24901183,352920845.32380396,0,3685.1818139853417,6801.102803285897,0,10486.284617271238,831.0380559187455
142,0.07150000000000001,0.07125000000000001,0.00013210215517810275,1.7897844821897384e-05,0.0,0.0018458702048964875,28165061.711017888,350715338.9303326,0,3720.665352749725,6277.048712834239,0,9997.714065583965,787.3199826647372
143,0.07200000000000001,0.07175000000000001,0.00013371158699668271,1.6288413003317408e-05,0.0,0.001834262276509796,28138761.299670346,348509832.53686124,0,3762.4784294997603,5676.672088077383,0,9439.150517577144,738.6135280004114
144,0.07250000000000001,0.07225000000000001,0.00013551512158038484,1.4484878419615288e-05,0.0,0.001822654348123105,28110552.01496921,346304326.14338994,0,3809.404874000285,5016.176060373803,0,8825.580934374088,686.1889176475852
145,0.073,0.07275,0.0001376831430988938,1.2316856901106337e-05,0.0,0.0018110464197364138,28080433.85691447,344098819.74991864,0,3866.202393000578,4238.215922699331,0,8104.418315699909,626.066314887818
146,0.0735,0.07325,0.0001404551739286969,9.544826071303211e-06,0.0,0.0017994384913497226,28048406.825506132,341893313.3564473,0,3939.543859099313,3263.3122109288565,0,7202.85607002817,552.819203374662
147,0.074,0.07375,0.00014489701710654167,5.102982893458455e-06,0.0,0.0017878305629630312,28014470.92074419,339687806.9629759,0,4059.213272233785,1733.421068048484,0,5792.6343402822695,441.68836844652304
148,0.0745,0.07425,0.00015000000000000012,7.800016274768305e-33,0.0,0.0017762226345763399,27978626.142628655,337482300.56950456,0,4196.793921394302,2.6323674368883843e-24,0,4196.793921394302,317.90713954561835
149,0.075,0.07475,0.00015000000000000012,0.0,0.0,0.0017646147061896485,27940872.491159517,0.0,0,4191.130873673931,0.0,0,4191.130873673931,315.3825982439633
150,0.0755,0.07525,0.00015000000000000012,0.0,0.0,0.0017530067778029573,27901209.966336783,0.0,0,4185.181494950521,0.0,0,4185.181494950521,312.8423167475514
151,0.076,0.07575,0.00015000000000000012,0.0,0.0,0.001741398849416266,27859638.568160444,0.0,0,4178.94578522407,0.0,0,4178.94578522407,310.2867245528872
152,0.0765,0.07625,0.00015000000000000012,0.0,0.0,0.0017297909210295746,27816158.29663051,0.0,0,4172.42374449458,0.0,0,4172.42374449458,307.71625115647527
153,0.077,0.07675,0.00015000000000000012,0.0,0.0,0.0017181829926428832,27770769.151746973,0.0,0,4165.615372762049,0.0,0,4165.615372762049,305.1313260548201
154,0.0775,0.07725,0.00015000000000000012,0.0,0.0,0.0017065750642561918,27723471.133509837,0.0,0,4158.520670026479,0.0,0,4158.520670026479,302.5323787444263
155,0.078,0.07775,0.00015000000000000012,0.0,0.0,0.0016949671358695007,27674264.241919104,0.0,0,4151.139636287869,0.0,0,4151.139636287869,299.9198387217985
156,0.0785,0.07825,0.00015000000000000012,0.0,0.0,0.0016833592074828093,27623148.47697477,0.0,0,4143.4722715462185,0.0,0,4143.4722715462185,297.29413548344115
157,0.079,0.07875,0.00015000000000000012,0.0,0.0,0.001671751279096118,27570123.838676836,0.0,0,4135.518575801529,0.0,0,4135.518575801529,294.6556985258589
158,0.0795,0.07925,0.00015000000000000012,0.0,0.0,0.0016601433507094266,27515190.3270253,0.0,0,4127.278549053799,0.0,0,4127.278549053799,292.00495734555625
159,0.08,0.07975,0.00015000000000000012,0.0,0.0,0.0016485354223227354,27458347.942020174,0.0,0,4118.75219130303,0.0,0,4118.75219130303,289.3423414390378
160,0.0805,0.08025,0.00015000000000000012,0.0,0.0,0.001636927493936044,27399596.68366144,0.0,0,4109.9395025492195,0.0,0,4109.9395025492195,286.668280302808
161,0.081,0.08075,0.00015000000000000012,0.0,0.0,0.0016253195655493526,27338936.551949106,0.0,0,4100.84048279237,0.0,0,4100.84048279237,283.98320343337156
162,0.0815,0.08125,0.00015000000000000012,0.0,0.0,0.0016137116371626613,27276367.546883177,0.0,0,4091.45513203248,0.0,0,4091.45513203248,281.287540327233
163,0.082,0.08175,0.00015000000000000012,0.0,0.0,0.00160210370877597,27211889.668463647,0.0,0,4081.7834502695505,0.0,0,4081.7834502695505,278.58172048089676
164,0.0825,0.08225,0.00015000000000000012,0.0,0.0,0.0015904957803892787,27145502.916690517,0.0,0,4071.825437503581,0.0,0,4071.825437503581,275.8661733908676
165,0.083,0.08275,0.00015000000000000012,0.0,0.0,0.0015788878520025874,27077207.291563787,0.0,0,4061.5810937345714,0.0,0,4061.5810937345714,273.1413285536499
166,0.0835,0.08325,0.00015000000000000012,0.0,0.0,0.001567279923615896,27007002.793083455,0.0,0,4051.0504189625217,0.0,0,4051.0504189625217,270.4076154657483
167,0.084,0.08375,0.00015000000000000012,0.0,0.0,0.0015556719952292046,26934889.421249527,0.0,0,4040.2334131874322,0.0,0,4040.2334131874322,267.66546362366734
168,0.0845,0.08425,0.00015000000000000012,0.0,0.0,0.0015440640668425135,26860867.176062,0.0,0,4029.130076409303,0.0,0,4029.130076409303,264.91530252391163
169,0.085,0.08475,0.00015000000000000012,0.0,0.0,0.001532456138455822,26784936.057520874,0.0,0,4017.7404086281344,0.0,0,4017.7404086281344,262.1575616629857
170,0.0855,0.08525,0.00015000000000000012,0.0,0.0,0.0015208482100691307,26707096.065626144,0.0,0,4006.0644098439248,0.0,0,4006.0644098439248,259.39267053739405
171,0.08600000000000001,0.08575,0.00015000000000000012,0.0,0.0,0.0015092402816824393,26627347.20037782,0.0,0,3994.102080056676,0.0,0,3994.102080056676,256.6210586436414
172,0.08650000000000001,0.08625000000000001,0.00015000000000000012,0.0,0.0,0.001497632353295748,26545689.46177589,0.0,0,3981.853419266387,0.0,0,3981.853419266387,253.84315547823212
173,0.08700000000000001,0.08675000000000001,0.00015000000000000012,0.0,0.0,0.0014860244249090568,26462122.849820364,0.0,0,3969.318427473058,0.0,0,3969.318427473058,251.05939053767085
174,0.08750000000000001,0.08725000000000001,0.00015000000000000012,0.0,0.0,0.0014744164965223654,26376647.36451124,0.0,0,3956.497104676689,0.0,0,3956.497104676689,248.2701933184622
175,0.08800000000000001,0.08775000000000001,0.00015000000000000012,0.0,0.0,0.001462808568135674,26289263.005848512,0.0,0,3943.38945087728,0.0,0,3943.38945087728,245.47599331711064
176,0.0885,0.08825,0.00015000000000000012,0.0,0.0,0.001451200639748983,26199969.773832195,0.0,0,3929.995466074832,0.0,0,3929.995466074832,242.67722003012088
177,0.089,0.08875,0.00015000000000000012,0.0,0.0,0.0014395927113622917,26108767.66846227,0.0,0,3916.3151502693436,0.0,0,3916.3151502693436,239.8743029539973
178,0.0895,0.08925,0.00015000000000000012,0.0,0.0,0.0014279847829756004,26015656.689738747,0.0,0,3902.348503460815,0.0,0,3902.348503460815,237.0676715852445
179,0.09,0.08975,0.00015000000000000012,0.0,0.0,0.0014163768545889092,25920636.837661624,0.0,0,3888.0955256492466,0.0,0,3888.0955256492466,234.2577554203671
180,0.0905,0.09025,0.00015000000000000012,0.0,0.0,0.0014047689262022178,25823708.112230904,0.0,0,3873.5562168346387,0.0,0,3873.5562168346387,231.44498395586965
181,0.091,0.09075,0.00015000000000000012,0.0,0.0,0.0013931609978155264,25724870.513446577,0.0,0,3858.7305770169896,0.0,0,3858.7305770169896,228.62978668825662
182,0.0915,0.09125,0.00015000000000000012,0.0,0.0,0.001381553069428835,25624124.041308656,0.0,0,3843.6186061963017,0.0,0,3843.6186061963017,225.81259311403272
183,0.092,0.09175,0.00015000000000000012,0.0,0.0,0.0013699451410421437,25521468.695817135,0.0,0,3828.2203043725735,0.0,0,3828.2203043725735,222.9938327297024
184,0.0925,0.09225,0.00015000000000000012,0.0,0.0,0.0013583372126554525,25416904.476972014,0.0,0,3812.535671545805,0.0,0,3812.535671545805,220.17393503177024
185,0.093,0.09275,0.00015000000000000012,0.0,0.0,0.0013467292842687612,25310431.384773295,0.0,0,3796.5647077159974,0.0,0,3796.5647077159974,217.35332951674084
186,0.0935,0.09325,0.00015000000000000012,0.0,0.0,0.0013351213558820698,25202049.419220977,0.0,0,3780.3074128831495,0.0,0,3780.3074128831495,214.5324456811187
187,0.094,0.09375,0.00015000000000000012,0.0,0.0,0.0013235134274953784,25091758.580315057,0.0,0,3763.7637870472618,0.0,0,3763.7637870472618,211.71171302140846
188,0.0945,0.09425,0.00015000000000000012,0.0,0.0,0.0013119054991086873,24979558.868055537,0.0,0,3746.933830208334,0.0,0,3746.933830208334,208.89156103411457
189,0.095,0.09475,0.00015000000000000012,0.0,0.0,0.0013002975707219959,24865450.28244242,0.0,0,3729.817542366366,0.0,0,3729.817542366366,206.0724192157417
190,0.0955,0.09525,0.00015000000000000012,0.0,0.0,0.0012886896423353045,24749432.823475704,0.0,0,3712.4149235213586,0.0,0,3712.4149235213586,203.25471706279436
191,0.096,0.09575,0.00015000000000000012,0.0,0.0,0.0012770817139486131,24631506.491155382,0.0,0,3694.7259736733104,0.0,0,3694.7259736733104,200.43888407177707
192,0.0965,0.09625,0.00015000000000000012,0.0,0.0,0.0012654737855619218,24511671.285481468,0.0,0,3676.7506928222233,0.0,0,3676.7506928222233,197.62534973919446
193,0.097,0.09675,0.00015000000000000012,0.0,0.0,0.0012538658571752306,24389927.206453953,0.0,0,3658.489080968096,0.0,0,3658.489080968096,194.8145435615511
194,0.0975,0.09725,0.00015000000000000012,0.0,0.0,0.0012422579287885392,24266274.254072838,0.0,0,3639.9411381109285,0.0,0,3639.9411381109285,192.00689503535145
195,0.098,0.09775,0.00015000000000000012,0.0,0.0,0.0012306500004018478,24140712.42833812,0.0,0,3621.106864250721,0.0,0,3621.106864250721,189.20283365710014
196,0.0985,0.09825,0.00015000000000000012,0.0,0.0,0.0012190420720151565,24013241.72924981,0.0,0,3601.986259387474,0.0,0,3601.986259387474,186.40278892330176
197,0.099,0.09875,0.00015000000000000012,0.0,0.0,0.0012074341436284653,23883862.156807896,0.0,0,3582.5793235211872,0.0,0,3582.5793235211872,183.6071903304608
198,0.0995,0.09925,0.00015000000000000012,0.0,0.0,0.001195826215241774,23752573.711012382,0.0,0,3562.88605665186,0.0,0,3562.88605665186,180.81646737508186
199,0.1,0.09975,0.00015000000000000012,0.0,0.0,0.0011842182868550826,23619376.391863268,0.0,0,3542.9064587794933,0.0,0,3542.9064587794933,178.0310495536695
200,0.1005,0.10025,0.00015000000000000012,0.0,0.0,0.0011726103584683912,23484270.199360553,0.0,0,3522.6405299040857,0.0,0,3522.6405299040857,175.25136636272822
201,0.101,0.10075,0.00015000000000000012,0.0,0.0,0.0011610024300816998,23347255.133504238,0.0,0,3502.0882700256384,0.0,0,3502.0882700256384,172.47784729876264
202,0.1015,0.10125,0.00015000000000000012,0.0,0.0,0.0011493945016950087,23208331.19429433,0.0,0,3481.249679144152,0.0,0,3481.249679144152,169.71092185827737
203,0.10200000000000001,0.10175000000000001,0.00015000000000000012,0.0,0.0,0.0011377865733083173,23067498.381730817,0.0,0,3460.1247572596253,0.0,0,3460.1247572596253,166.9510195377769
204,0.10250000000000001,0.10225000000000001,0.00015000000000000012,0.0,0.0,0.001126178644921626,22924756.695813704,0.0,0,3438.7135043720587,0.0,0,3438.7135043720587,164.19856983376576
205,0.10300000000000001,0.10275000000000001,0.00015000000000000012,0.0,0.0,0.0011145707165349345,22780106.136542995,0.0,0,3417.0159204814518,0.0,0,3417.0159204814518,161.45400224274854
206,0.10350000000000001,0.10325000000000001,0.00015000000000000012,0.0,0.0,0.0011029627881482434,22633546.703918688,0.0,0,3395.032005587806,0.0,0,3395.032005587806,158.71774626122988
207,0.10400000000000001,0.10375000000000001,0.00015000000000000012,0.0,0.0,0.001091354859761552,22485078.397940777,0.0,0,3372.7617596911196,0.0,0,3372.7617596911196,155.99023138571422
208,0.10450000000000001,0.10425000000000001,0.00015000000000000012,0.0,0.0,0.0010797469313748606,22334701.218609266,0.0,0,3350.2051827913924,0.0,0,3350.2051827913924,153.27188711270614
209,0.105,0.10475,0.00015000000000000012,0.0,0.0,0.0010681390029881697,22182415.165924165,0.0,0,3327.3622748886273,0.0,0,3327.3622748886273,150.56314293871037
210,0.1055,0.10525,0.00015000000000000012,0.0,0.0,0.0010565310746014783,22028220.239885453,0.0,0,3304.2330359828206,0.0,0,3304.2330359828206,147.86442836023122
211,0.106,0.10575,0.00015000000000000012,0.0,0.0,0.001044923146214787,21872116.440493148,0.0,0,3280.8174660739746,0.0,0,3280.8174660739746,145.17617287377337
212,0.1065,0.10625,0.00015000000000000012,0.0,0.0,0.0010333152178280955,21714103.767747242,0.0,0,3257.115565162089,0.0,0,3257.115565162089,142.49880597584138
213,0.107,0.10675,0.00015000000000000012,0.0,0.0,0.0010217072894414044,21554182.221647736,0.0,0,3233.127333247163,0.0,0,3233.127333247163,139.83275716293977
214,0.1075,0.10725,0.00015000000000000012,0.0,0.0,0.001010099361054713,21392351.802194633,0.0,0,3208.8527703291975,0.0,0,3208.8527703291975,137.17845593157318
215,0.108,0.10775,0.00015000000000000012,0.0,0.0,0.0009984914326680216,21228612.50938792,0.0,0,3184.291876408191,0.0,0,3184.291876408191,134.53633177824605
216,0.1085,0.10825,0.00015000000000000012,0.0,0.0,0.0009868835042813303,21062964.343227617,0.0,0,3159.444651484145,0.0,0,3159.444651484145,131.90681419946304
217,0.109,0.10875,0.00015000000000000012,0.0,0.0,0.000975275575894639,20895407.303713717,0.0,0,3134.31109555706,0.0,0,3134.31109555706,129.2903326917287
218,0.1095,0.10925,0.00015000000000000012,0.0,0.0,0.0009636676475079477,20725941.39084621,0.0,0,3108.8912086269343,0.0,0,3108.8912086269343,126.68731675154756
219,0.11,0.10975,0.00015000000000000012,0.0,0.0,0.0009520597191212564,20554566.604625106,0.0,0,3083.184990693768,0.0,0,3083.184990693768,124.09819587542415
220,0.1105,0.11025,0.00015000000000000012,0.0,0.0,0.000940451790734565,20381282.9450504,0.0,0,3057.1924417575624,0.0,0,3057.1924417575624,121.52339955986308
221,0.111,0.11075,0.00015000000000000012,0.0,0.0,0.0009288438623478737,20206090.4121221,0.0,0,3030.9135618183177,0.0,0,3030.9135618183177,118.96335730136894
222,0.1115,0.11125,0.00015000000000000012,0.0,0.0,0.0009172359339611823,20028989.0058402,0.0,0,3004.348350876033,0.0,0,3004.348350876033,116.41849859644626
223,0.112,0.11175,0.00015000000000000012,0.0,0.0,0.0009056280055744911,19849978.7262047,0.0,0,2977.4968089307076,0.0,0,2977.4968089307076,113.88925294159954
224,0.1125,0.11225,0.00015000000000000012,0.0,0.0,0.0008940200771877997,19669059.573215593,0.0,0,2950.3589359823413,0.0,0,2950.3589359823413,111.37604983333337
225,0.113,0.11275,0.00015000000000000012,0.0,0.0,0.0008824121488011084,19486231.54687289,0.0,0,2922.934732030936,0.0,0,2922.934732030936,108.87931876815234
226,0.1135,0.11325,0.00015000000000000012,0.0,0.0,0.0008708042204144171,19301494.647176594,0.0,0,2895.2241970764912,0.0,0,2895.2241970764912,106.39948924256103
227,0.114,0.11375,0.00015000000000000012,0.0,0.0,0.0008591962920277258,19114848.8741267,0.0,0,2867.227331119007,0.0,0,2867.227331119007,103.93699075306398
228,0.1145,0.11425,0.00015000000000000012,0.0,0.0,0.0008475883636410344,18926294.227723196,0.0,0,2838.9441341584816,0.0,0,2838.9441341584816,101.49225279616569
229,0.115,0.11475,0.00015000000000000012,0.0,0.0,0.0008359804352543431,18735830.7079661,0.0,0,2810.3746061949173,0.0,0,2810.3746061949173,99.0657048683708
230,0.1155,0.11525,0.00015000000000000012,0.0,0.0,0.0008243725068676518,18543458.314855397,0.0,0,2781.518747228312,0.0,0,2781.518747228312,96.6577764661838
231,0.116,0.11575,0.00015000000000000012,0.0,0.0,0.0008127645784809604,18349177.0483911,0.0,0,2752.376557258667,0.0,0,2752.376557258667,94.26889708610932
232,0.1165,0.11625,0.00015000000000000012,0.0,0.0,0.0008011566500942691,18152986.908573203,0.0,0,2722.9480362859827,0.0,0,2722.9480362859827,91.89949622465188
233,0.117,0.11675,0.00015000000000000012,0.0,0.0,0.0007895487217075778,17954887.895401705,0.0,0,2693.233184310258,0.0,0,2693.233184310258,89.55000337831605
234,0.11750000000000001,0.11725000000000001,0.00015000000000000012,0.0,0.0,0.0007779407933208865,17754880.00887661,0.0,0,2663.232001331494,0.0,0,2663.232001331494,87.2208480436064
235,0.11800000000000001,0.11775000000000001,0.00015000000000000012,0.0,0.0,0.0007663328649341951,17552963.248997916,0.0,0,2632.9444873496896,0.0,0,2632.9444873496896,84.91245971702746
236,0.11850000000000001,0.11825000000000001,0.00015000000000000012,0.0,0.0,0.0007547249365475038,17349137.615765624,0.0,0,2602.3706423648455,0.0,0,2602.3706423648455,82.62526789508381
237,0.11900000000000001,0.11875000000000001,0.00015000000000000012,0.0,0.0,0.0007431170081608125,17143403.109179724,0.0,0,2571.5104663769607,0.0,0,2571.5104663769607,80.35970207427998
238,0.11950000000000001,0.11925000000000001,0.00015000000000000012,0.0,0.0,0.0007315090797741212,16935759.729240227,0.0,0,2540.363959386036,0.0,0,2540.363959386036,78.11619175112058
239,0.12000000000000001,0.11975000000000001,0.00015000000000000012,0.0,0.0,0.0007199011513874298,16726207.475947136,0.0,0,2508.9311213920723,0.0,0,2508.9311213920723,75.89516642211015
240,0.1205,0.12025,0.00015000000000000012,0.0,0.0,0.0007082932230007388,16514746.349300444,0.0,0,2477.2119523950687,0.0,0,2477.2119523950687,73.6970555837533
241,0.121,0.12075,0.00015000000000000012,0.0,0.0,0.0006966852946140475,16301376.349300154,0.0,0,2445.206452395025,0.0,0,2445.206452395025,71.52228873255447
242,0.1215,0.12125,0.00015000000000000012,0.0,0.0,0.0006850773662273561,16086097.475946262,0.0,0,2412.914621391941,0.0,0,2412.914621391941,69.3712953650183
243,0.122,0.12175,0.00015000000000000012,0.0,0.0,0.0006734694378406649,15868909.729238775,0.0,0,2380.336459385818,0.0,0,2380.336459385818,67.24450497764936
244,0.1225,0.12225,0.00015000000000000012,0.0,0.0,0.0006618615094539735,15649813.109177677,0.0,0,2347.4719663766537,0.0,0,2347.4719663766537,65.14234706695213
245,0.123,0.12275,0.00015000000000000012,0.0,0.0,0.0006502535810672822,15428807.61576299,0.0,0,2314.32114236445,0.0,0,2314.32114236445,63.06525112943126
246,0.1235,0.12325,0.00015000000000000012,0.0,0.0,0.0006386456526805909,15205893.248994699,0.0,0,2280.8839873492066,0.0,0,2280.8839873492066,61.01364666159127
247,0.124,0.12375,0.00015000000000000012,0.0,0.0,0.0006270377242938996,14981070.008872809,0.0,0,2247.160501330923,0.0,0,2247.160501330923,58.98796315993672
248,0.1245,0.12425,0.00015000000000000012,0.0,0.0,0.0006154297959072082,14754337.895397319,0.0,0,2213.1506843095995,0.0,0,2213.1506843095995,56.988630120972175
249,0.125,0.12475,0.00015000000000000012,0.0,0.0,0.0006038218675205168,14525696.908568226,0.0,0,2178.8545362852356,0.0,0,2178.8545362852356,55.01607704120219
250,0.1255,0.12525,0.00015000000000000012,0.0,0.0,0.0005922139391338256,14295147.048385538,0.0,0,2144.2720572578323,0.0,0,2144.2720572578323,53.070733417131336
251,0.126,0.12575,0.00015000000000000012,0.0,0.0,0.0005806060107471342,14062688.314849252,0.0,0,2109.4032472273893,0.0,0,2109.4032472273893,51.15302874526418
252,0.1265,0.12625,0.00015000000000000012,0.0,0.0,0.0005689980823604429,13828320.707959367,0.0,0,2074.2481061939066,0.0,0,2074.2481061939066,49.26339252210526
253,0.127,0.12675,0.00015000000000000012,0.0,0.0,0.0005573901539737516,13592044.227715876,0.0,0,2038.806634157383,0.0,0,2038.806634157383,47.402254244159145
254,0.1275,0.12725,0.00015000000000000012,0.0,0.0,0.0005457822255870603,13353858.874118786,0.0,0,2003.0788311178196,0.0,0,2003.0788311178196,45.570043407930385
255,0.128,0.12775,0.00015000000000000012,0.0,0.0,0.0005341742972003689,13113764.647168102,0.0,0,1967.0646970752168,0.0,0,1967.0646970752168,43.76718950992356
256,0.1285,0.12825,0.00015000000000000012,0.0,0.0,0.0005225663688136776,12871761.54686382,0.0,0,1930.7642320295747,0.0,0,1930.7642320295747,41.994122046643234
257,0.129,0.12875,0.00015000000000000012,0.0,0.0,0.0005109584404269863,12627849.573205931,0.0,0,1894.1774359808912,0.0,0,1894.1774359808912,40.25127051459392
258,0.1295,0.12925,0.00015000000000000012,0.0,0.0,0.0004993505120402949,12382028.726194443,0.0,0,1857.304308929168,0.0,0,1857.304308929168,38.53906441028022
259,0.13,0.12975,0.00015000000000000012,0.0,0.0,0.00048774258365360363,12134299.005829362,0.0,0,1820.1448508744058,0.0,0,1820.1448508744058,36.8579332302067
260,0.1305,0.13025,0.00015000000000000012,0.0,0.0,0.0004761346552669123,11884660.412110679,0.0,0,1782.6990618166033,0.0,0,1782.6990618166033,35.20830647087789
261,0.131,0.13075,0.00015000000000000012,0.0,0.0,0.000464526726880221,11633112.945038393,0.0,0,1744.9669417557604,0.0,0,1744.9669417557604,33.59061362879837
262,0.1315,0.13125,0.00015000000000000012,0.0,0.0,0.00045291879849352967,11379656.604612514,0.0,0,1706.9484906918785,0.0,0,1706.9484906918785,32.0052842004727
263,0.132,0.13175,0.00015000000000000012,0.0,0.0,0.0004413108701068383,11124291.390833028,0.0,0,1668.6437086249555,0.0,0,1668.6437086249555,30.45274768240542
264,0.1325,0.13225,0.00015000000000000012,0.0,0.0,0.00042970294172014697,10867017.30369995,0.0,0,1630.0525955549938,0.0,0,1630.0525955549938,28.93343357110112
265,0.133,0.13275,0.00015000000000000012,0.0,0.0,0.00041809501333345565,10607834.34321327,0.0,0,1591.1751514819916,0.0,0,1591.1751514819916,27.447771363064337
266,0.1335,0.13325,0.00015000000000000012,0.0,0.0,0.00040648708494676433,10346742.509372987,0.0,0,1552.0113764059492,0.0,0,1552.0113764059492,25.99619055479963
267,0.134,0.13375,0.00015000000000000012,0.0,0.0,0.000394879156560073,10083741.802179102,0.0,0,1512.5612703268664,0.0,0,1512.5612703268664,24.57912064281156
268,0.1345,0.13425,0.00015000000000000012,0.0,0.0,0.0003832712281733817,9818832.221631624,0.0,0,1472.8248332447447,0.0,0,1472.8248332447447,23.196991123604707
269,0.135,0.13475,0.00015000000000000012,0.0,0.0,0.00037166329978669037,9552013.76773055,0.0,0,1432.802065159584,0.0,0,1432.802065159584,21.850231493683633
270,0.1355,0.13525,0.00015000000000000012,0.0,0.0,0.00036005537139999905,9283286.440475866,0.0,0,1392.492966071381,0.0,0,1392.492966071381,20.53927124955285
271,0.136,0.13575,0.00015000000000000012,0.0,0.0,0.0003484474430133077,9012650.23986759,0.0,0,1351.8975359801398,0.0,0,1351.8975359801398,19.26453988771697
272,0.1365,0.13625,0.00015000000000000012,0.0,0.0,0.0003368395146266164,8740105.165905708,0.0,0,1311.0157748858574,0.0,0,1311.0157748858574,18.026466904680518
273,0.137,0.13675,0.00015000000000000012,0.0,0.0,0.00032523158623992503,8465651.218590233,0.0,0,1269.847682788536,0.0,0,1269.847682788536,16.825481796948083
274,0.1375,0.13725,0.00015000000000000012,0.0,0.0,0.0003136236578532337,8189288.397921153,0.0,0,1228.393259688174,0.0,0,1228.393259688174,15.6620140610242
275,0.138,0.13775,0.00015000000000000012,0.0,0.0,0.0003020157294665424,7911016.70389848,0.0,0,1186.652505584773,0.0,0,1186.652505584773,14.53649319341345
276,0.1385,0.13825,0.00015000000000000012,0.0,0.0,0.00029040780107985107,7630836.136522201,0.0,0,1144.625420478331,0.0,0,1144.625420478331,13.44934869062037
277,0.139,0.13875,0.00015000000000000012,0.0,0.0,0.00027879987269315975,7348746.695792329,0.0,0,1102.3120043688502,0.0,0,1102.3120043688502,12.401010049149546
278,0.1395,0.13925,0.00015000000000000012,0.0,0.0,0.0002671919443064684,7064748.381708854,0.0,0,1059.712257256329,0.0,0,1059.712257256329,11.391906765505517
279,0.14,0.13975,0.00015000000000000012,0.0,0.0,0.0002555840159197771,6778841.194271777,0.0,0,1016.8261791407674,0.0,0,1016.8261791407674,10.422468336192846
280,0.1405,0.14025,0.00015000000000000012,0.0,0.0,0.00024397608753308576,6491025.1334811,0.0,0,973.6537700221659,0.0,0,973.6537700221659,9.493124257716099
281,0.14100000000000001,0.14075000000000001,0.00015000000000000012,0.0,0.0,0.00023236815914639444,6201300.1993368305,0.0,0,930.1950299005254,0.0,0,930.1950299005254,8.604304026579841
282,0.14150000000000001,0.14125000000000001,0.00015000000000000012,0.0,0.0,0.00022076023075970311,5909666.3918389585,0.0,0,886.4499587758445,0.0,0,886.4499587758445,7.7564371392886216
283,0.14200000000000002,0.14175000000000001,0.00015000000000000012,0.0,0.0,0.0002091523023730118,5616123.710987484,0.0,0,842.4185566481233,0.0,0,842.4185566481233,6.949953092347
284,0.14250000000000002,0.14225000000000002,0.00015000000000000012,0.0,0.0,0.00019754437398632047,5320672.156782413,0.0,0,798.1008235173626,0.0,0,798.1008235173626,6.185281382259544
285,0.14300000000000002,0.14275000000000002,0.00015000000000000012,0.0,0.0,0.00018593644559962913,5023311.729223737,0.0,0,753.4967593835611,0.0,0,753.4967593835611,5.462851505530802
286,0.14350000000000002,0.14325000000000002,0.00015000000000000012,0.0,0.0,0.0001743285172129378,4724042.428311471,0.0,0,708.6063642467212,0.0,0,708.6063642467212,4.783092958665353
287,0.14400000000000002,0.14375000000000002,0.00015000000000000012,0.0,0.0,0.00016272058882624648,4422864.254045595,0.0,0,663.4296381068399,0.0,0,663.4296381068399,4.146435238167735
288,0.14450000000000002,0.14425000000000002,0.00015000000000000012,0.0,0.0,0.00015111266043955516,4119777.2064261273,0.0,0,617.9665809639196,0.0,0,617.9665809639196,3.5533078405425234
289,0.145,0.14475,0.00015000000000000012,0.0,0.0,0.00013950473205286446,3814781.2854530723,0.0,0,572.2171928179613,0.0,0,572.2171928179613,3.0041402622942996
290,0.1455,0.14525,0.00015000000000000012,0.0,0.0,0.00012789680366617314,3507876.491126405,0.0,0,526.1814736689612,0.0,0,526.1814736689612,2.499361999927568
291,0.146,0.14575,0.00015000000000000012,0.0,0.0,0.00011628887527948182,3199062.8234461327,0.0,0,479.8594235169203,0.0,0,479.8594235169203,2.039402549946913
292,0.1465,0.14625,0.00015000000000000012,0.0,0.0,0.0001046809468927905,2888340.2824122673,0.0,0,433.25104236184046,0.0,0,433.25104236184046,1.624691408856903
293,0.147,0.14675,0.00015000000000000012,0.0,0.0,9.307301850609917e-05,2575708.8680248023,0.0,0,386.3563302037207,0.0,0,386.3563302037207,1.2556580731620934
294,0.1475,0.14725,0.00015000000000000012,0.0,0.0,8.146509011940785e-05,2261168.5802837317,0.0,0,339.17528704256006,0.0,0,339.17528704256006,0.932732039367041
295,0.148,0.14775,0.00015000000000000012,0.0,0.0,6.985716173271651e-05,1944719.419189068,0.0,0,291.70791287836045,0.0,0,291.70791287836045,0.6563428039763116
296,0.1485,0.14825,0.00015000000000000012,0.0,0.0,5.824923334602519e-05,1626361.3847407987,0.0,0,243.95420771112,0.0,0,243.95420771112,0.42691986349446037
297,0.149,0.14875,0.00015000000000000012,0.0,0.0,4.6641304959333864e-05,1306094.4769389364,0.0,0,195.9141715408406,0.0,0,195.9141715408406,0.24489271442605098
298,0.1495,0.14925,0.00015000000000000012,0.0,0.0,3.5033376572642536e-05,983918.6957834652,0.0,0,147.5878043675199,0.0,0,147.5878043675199,0.11069085327564003
299,0.15,0.14975,0.00015000000000000012,0.0,0.0,2.3425448185951212e-05,659834.0412744042,0.0,0,98.9751061911607,0.0,0,98.9751061911607,0.024743776547790197
300,0.1505,0.15025,0.00015000000000000012,0.0,0.0,1.1817519799259886e-05,333840.51341173745,0.0,0,50.07607701176066,0.0,0,50.07607701176066,-0.012519019252940177
301,0.151,0.15075,0.00015000000000000012,0.0,0.0,2.095914125685594e-07,5938.1121954745395,0.0,0,0.8907168293211817,0.0,0,0.8907168293211817,-0.0006680376219908869
302,0.1515,0.15125,0.00015000000000000012,0.0,0.0,-1.1398336974122768e-05,0.0,0.0,0,0.0,0.0,0,0.0,-0.0
303,0.152,0.15175,0.00015000000000000012,0.0,0.0,-2.3006265360814092e-05,0.0,0.0,0,0.0,0.0,0,0.0,-0.0
304,0.1525,0.15225,0.00015000000000000012,0.0,0.0,-3.461419374750542e-05,0.0,0.0,0,0.0,0.0,0,0.0,-0.0
305,0.153,0.15275,0.00015000000000000012,0.0,0.0,-4.6222122134196744e-05,0.0,0.0,0,0.0,0.0,0,0.0,-0.0
306,0.1535,0.15325,0.00015000000000000012,0.0,0.0,-5.783005052088807e-05,0.0,0.0,0,0.0,0.0,0,0.0,-0.0
307,0.154,0.15375,0.00015000000000000012,0.0,0.0,-6.94379789075794e-05,0.0,0.0,0,0.0,0.0,0,0.0,-0.0
308,0.1545,0.15425,0.00015000000000000012,0.0,0.0,-8.104590729427073e-05,0.0,0.0,0,0.0,0.0,0,0.0,-0.0
309,0.155,0.15475,0.00015000000000000012,0.0,0.0,-9.265383568096205e-05,0.0,0.0,0,0.0,0.0,0,0.0,-0.0
310,0.1555,0.15525,0.00015000000000000012,0.0,0.0,-0.00010426176406765338,0.0,0.0,0,0.0,0.0,0,0.0,-0.0
311,0.156,0.15575,0.00015000000000000012,0.0,0.0,-0.0001158696924543447,0.0,0.0,0,0.0,0.0,0,0.0,-0.0
312,0.1565,0.15625,0.00015000000000000012,0.0,0.0,-0.00012747762084103602,0.0,0.0,0,0.0,0.0,0,0.0,-0.0
313,0.157,0.15675,0.00015000000000000012,0.0,0.0,-0.00013908554922772734,0.0,0.0,0,0.0,0.0,0,0.0,-0.0
314,0.1575,0.15725,0.00015000000000000012,0.0,0.0,-0.0001506934776144187,0.0,0.0,0,0.0,0.0,0,0.0,-0.0
315,0.158,0.15775,0.00015000000000000012,0.0,0.0,-0.00016230140600111001,0.0,0.0,0,0.0,0.0,0,0.0,-0.0
316,0.1585,0.15825,0.00015000000000000012,0.0,0.0,-0.00017390933438780133,0.0,0.0,0,0.0,0.0,0,0.0,-0.0
317,0.159,0.15875,0.00015000000000000012,0.0,0.0,-0.00018551726277449266,0.0,0.0,0,0.0,0.0,0,0.0,-0.0
318,0.1595,0.15925,0.00015000000000000012,0.0,0.0,-0.000197125191161184,0.0,0.0,0,0.0,0.0,0,0.0,-0.0
319,0.16,0.15975,0.00015000000000000012,0.0,0.0,-0.00020873311954787532,0.0,0.0,0,0.0,0.0,0,0.0,-0.0
320,0.1605,0.16025,0.00015000000000000012,0.0,0.0,-0.00022034104793456665,0.0,0.0,0,0.0,0.0,0,0.0,-0.0
321,0.161,0.16075,0.00015000000000000012,0.0,0.0,-0.00023194897632125797,0.0,0.0,0,0.0,0.0,0,0.0,-0.0
322,0.1615,0.16125,0.00015000000000000012,0.0,0.0,-0.0002435569047079493,0.0,0.0,0,0.0,0.0,0,0.0,-0.0
323,0.162,0.16175,0.00015000000000000012,0.0,0.0,-0.00025516483309464063,0.0,0.0,0,0.0,0.0,0,0.0,-0.0
324,0.1625,0.16225,0.00015000000000000012,0.0,0.0,-0.00026677276148133196,0.0,0.0,0,0.0,0.0,0,0.0,-0.0
325,0.163,0.16275,0.00015000000000000012,0.0,0.0,-0.0002783806898680233,0.0,0.0,0,0.0,0.0,0,0.0,-0.0
326,0.1635,0.16325,0.00015000000000000012,0.0,0.0,-0.0002899886182547146,0.0,0.0,0,0.0,0.0,0,0.0,-0.0
327,0.164,0.16375,0.00015000000000000012,0.0,0.0,-0.0003015965466414059,0.0,0.0,0,0.0,0.0,0,0.0,-0.0
328,0.1645,0.16425,0.00015000000000000012,0.0,0.0,-0.00031320447502809724,0.0,0.0,0,0.0,0.0,0,0.0,-0.0
329,0.165,0.16475,0.00015000000000000012,0.0,0.0,-0.00032481240341478856,0.0,0.0,0,0.0,0.0,0,0.0,-0.0
330,0.1655,0.16525,0.00015000000000000012,0.0,0.0,-0.0003364203318014799,0.0,0.0,0,0.0,0.0,0,0.0,-0.0
331,0.166,0.16575,0.00015000000000000012,0.0,0.0,-0.00034802826018817126,0.0,0.0,0,0.0,0.0,0,0.0,-0.0
332,0.1665,0.16625,0.00015000000000000012,0.0,0.0,-0.0003596361885748626,0.0,0.0,0,0.0,0.0,0,0.0,-0.0
333,0.167,0.16675,0.00015000000000000012,0.0,0.0,-0.0003712441169615539,0.0,0.0,0,0.0,0.0,0,0.0,-0.0
334,0.1675,0.16725,0.00015000000000000012,0.0,0.0,-0.0003828520453482452,0.0,0.0,0,0.0,0.0,0,0.0,-0.0
335,0.168,0.16775,0.00015000000000000012,0.0,0.0,-0.00039445997373493654,0.0,0.0,0,0.0,0.0,0,0.0,-0.0
336,0.1685,0.16825,0.00015000000000000012,0.0,0.0,-0.00040606790212162786,0.0,0.0,0,0.0,0.0,0,0.0,-0.0
337,0.169,0.16875,0.00015000000000000012,0.0,0.0,-0.0004176758305083192,0.0,0.0,0,0.0,0.0,0,0.0,-0.0
338,0.1695,0.16925,0.00015000000000000012,0.0,0.0,-0.0004292837588950105,0.0,0.0,0,0.0,0.0,0,0.0,-0.0
339,0.17,0.16975,0.00015000000000000012,0.0,0.0,-0.0004408916872817018,0.0,0.0,0,0.0,0.0,0,0.0,-0.0
340,0.1705,0.17025,0.00015000000000000012,0.0,0.0,-0.00045249961566839314,0.0,0.0,0,0.0,0.0,0,0.0,-0.0
341,0.171,0.17075,0.00015000000000000012,0.0,0.0,-0.0004641075440550845,0.0,0.0,0,0.0,0.0,0,0.0,-0.0
342,0.1715,0.17125,0.00015000000000000012,0.0,0.0,-0.00047571547244177584,0.0,0.0,0,0.0,0.0,0,0.0,-0.0
343,0.17200000000000001,0.17175,0.00015000000000000012,0.0,0.0,-0.00048732340082846716,0.0,0.0,0,0.0,0.0,0,0.0,-0.0
344,0.17250000000000001,0.17225000000000001,0.00015000000000000012,0.0,0.0,-0.0004989313292151585,0.0,0.0,0,0.0,0.0,0,0.0,-0.0
345,0.17300000000000001,0.17275000000000001,0.00015000000000000012,0.0,0.0,-0.0005105392576018499,0.0,0.0,0,0.0,0.0,0,0.0,-0.0
346,0.17350000000000002,0.17325000000000002,0.00015000000000000012,0.0,0.0,-0.0005221471859885411,0.0,0.0,0,0.0,0.0,0,0.0,-0.0
347,0.17400000000000002,0.17375000000000002,0.00015000000000000012,0.0,0.0,-0.0005337551143752325,0.0,0.0,0,0.0,0.0,0,0.0,-0.0
348,0.17450000000000002,0.17425000000000002,0.00015000000000000012,0.0,0.0,-0.0005453630427619238,0.0,0.0,0,0.0,0.0,0,0.0,-0.0
349,0.17500000000000002,0.17475000000000002,0.00015000000000000012,0.0,0.0,-0.0005569709711486151,0.0,0.0,0,0.0,0.0,0,0.0,-0.0
350,0.17550000000000002,0.17525000000000002,0.00015000000000000012,0.0,0.0,-0.0005685788995353064,0.0,0.0,0,0.0,0.0,0,0.0,-0.0
351,0.17600000000000002,0.17575000000000002,0.00015000000000000012,0.0,0.0,-0.0005801868279219978,0.0,0.0,0,0.0,0.0,0,0.0,-0.0
352,0.1765,0.17625,0.00015000000000000012,0.0,0.0,-0.0005917947563086884,0.0,0.0,0,0.0,0.0,0,0.0,-0.0
353,0.177,0.17675,0.00015000000000000012,0.0,0.0,-0.0006034026846953798,0.0,0.0,0,0.0,0.0,0,0.0,-0.0
354,0.1775,0.17725,0.00015000000000000012,0.0,0.0,-0.0006150106130820711,0.0,0.0,0,0.0,0.0,0,0.0,-0.0
355,0.178,0.17775,0.00015000000000000012,0.0,0.0,-0.0006266185414687624,0.0,0.0,0,0.0,0.0,0,0.0,-0.0
356,0.1785,0.17825,0.00015000000000000012,0.0,0.0,-0.0006382264698554538,0.0,0.0,0,0.0,0.0,0,0.0,-0.0
357,0.179,0.17875,0.00015000000000000012,0.0,0.0,-0.0006498343982421451,0.0,0.0,0,0.0,0.0,0,0.0,-0.0
358,0.1795,0.17925,0.00015000000000000012,0.0,0.0,-0.0006614423266288364,0.0,0.0,0,0.0,0.0,0,0.0,-0.0
359,0.18,0.17975,0.00015000000000000012,0.0,0.0,-0.0006730502550155277,0.0,0.0,0,0.0,0.0,0,0.0,-0.0
360,0.1805,0.18025,0.00015000000000000012,0.0,0.0,-0.0006846581834022191,0.0,0.0,0,0.0,0.0,0,0.0,-0.0
361,0.181,0.18075,0.00015000000000000012,0.0,0.0,-0.0006962661117889103,0.0,0.0,0,0.0,0.0,0,0.0,-0.0
362,0.1815,0.18125,0.00015000000000000012,0.0,0.0,-0.0007078740401756017,0.0,0.0,0,0.0,0.0,0,0.0,-0.0
363,0.182,0.18175,0.00015000000000000012,0.0,0.0,-0.000719481968562293,0.0,0.0,0,0.0,0.0,0,0.0,-0.0
364,0.1825,0.18225,0.00015000000000000012,0.0,0.0,-0.0007310898969489844,0.0,0.0,0,0.0,0.0,0,0.0,-0.0
365,0.183,0.18275,0.00015000000000000012,0.0,0.0,-0.0007426978253356757,0.0,0.0,0,0.0,0.0,0,0.0,-0.0
366,0.1835,0.18325,0.00015000000000000012,0.0,0.0,-0.000754305753722367,0.0,0.0,0,0.0,0.0,0,0.0,-0.0
367,0.184,0.18375,0.00015000000000000012,0.0,0.0,-0.0007659136821090584,0.0,0.0,0,0.0,0.0,0,0.0,-0.0
368,0.1845,0.18425,0.00015000000000000012,0.0,0.0,-0.0007775216104957496,0.0,0.0,0,0.0,0.0,0,0.0,-0.0
369,0.185,0.18475,0.00015000000000000012,0.0,0.0,-0.000789129538882441,0.0,0.0,0,0.0,0.0,0,0.0,-0.0
370,0.1855,0.18525,0.00015000000000000012,0.0,0.0,-0.0008007374672691323,0.0,0.0,0,0.0,0.0,0,0.0,-0.0
371,0.186,0.18575,0.00015000000000000012,0.0,0.0,-0.0008123453956558237,0.0,0.0,0,0.0,0.0,0,0.0,-0.0
372,0.1865,0.18625,0.00015000000000000012,0.0,0.0,-0.0008239533240425149,0.0,0.0,0,0.0,0.0,0,0.0,-0.0
373,0.187,0.18675,0.00015000000000000012,0.0,0.0,-0.0008355612524292063,0.0,0.0,0,0.0,0.0,0,0.0,-0.0
374,0.1875,0.18725,0.00015000000000000012,0.0,0.0,-0.0008471691808158977,0.0,0.0,0,0.0,0.0,0,0.0,-0.0
375,0.188,0.18775,0.00015000000000000012,0.0,0.0,-0.0008587771092025889,0.0,0.0,0,0.0,0.0,0,0.0,-0.0
376,0.1885,0.18825,0.00015000000000000012,0.0,0.0,-0.0008703850375892803,0.0,0.0,0,0.0,0.0,0,0.0,-0.0
377,0.189,0.18875,0.00015000000000000012,0.0,0.0,-0.0008819929659759716,0.0,0.0,0,0.0,0.0,0,0.0,-0.0
378,0.1895,0.18925,0.00015000000000000012,0.0,0.0,-0.000893600894362663,0.0,0.0,0,0.0,0.0,0,0.0,-0.0
379,0.19,0.18975,0.00015000000000000012,0.0,0.0,-0.0009052088227493542,0.0,0.0,0,0.0,0.0,0,0.0,-0.0
380,0.1905,0.19025,0.00015000000000000012,0.0,0.0,-0.0009168167511360456,0.0,0.0,0,0.0,0.0,0,0.0,-0.0
381,0.191,0.19075,0.00015000000000000012,0.0,0.0,-0.0009284246795227369,0.0,0.0,0,0.0,0.0,0,0.0,-0.0
382,0.1915,0.19125,0.00015000000000000012,0.0,0.0,-0.0009400326079094282,0.0,0.0,0,0.0,0.0,0,0.0,-0.0
383,0.192,0.19175,0.00015000000000000012,0.0,0.0,-0.0009516405362961196,0.0,0.0,0,0.0,0.0,0,0.0,-0.0
384,0.1925,0.19225,0.00015000000000000012,0.0,0.0,-0.0009632484646828109,0.0,0.0,0,0.0,0.0,0,0.0,-0.0
385,0.193,0.19275,0.00015000000000000012,0.0,0.0,-0.0009748563930695023,0.0,0.0,0,0.0,0.0,0,0.0,-0.0
386,0.1935,0.19325,0.00015000000000000012,0.0,0.0,-0.0009864643214561935,0.0,0.0,0,0.0,0.0,0,0.0,-0.0
387,0.194,0.19375,0.00015000000000000012,0.0,0.0,-0.000998072249842885,0.0,0.0,0,0.0,0.0,0,0.0,-0.0
388,0.1945,0.19425,0.00015000000000000012,0.0,0.0,-0.0010096801782295763,0.0,0.0,0,0.0,0.0,0,0.0,-0.0
389,0.195,0.19475,0.00015000000000000012,0.0,0.0,-0.0010212881066162674,0.0,0.0,0,0.0,0.0,0,0.0,-0.0
390,0.1955,0.19525,0.00015000000000000012,0.0,0.0,-0.0010328960350029588,0.0,0.0,0,0.0,0.0,0,0.0,-0.0
391,0.196,0.19575,0.00015000000000000012,0.0,0.0,-0.0010445039633896502,0.0,0.0,0,0.0,0.0,0,0.0,-0.0
392,0.1965,0.19625,0.00015000000000000012,0.0,0.0,-0.0010561118917763416,0.0,0.0,0,0.0,0.0,0,0.0,-0.0
393,0.197,0.19675,0.00015000000000000012,0.0,0.0,-0.001067719820163033,0.0,0.0,0,0.0,0.0,0,0.0,-0.0
394,0.1975,0.19725,0.00015000000000000012,0.0,0.0,-0.001079327748549724,0.0,0.0,0,0.0,0.0,0,0.0,-0.0
395,0.198,0.19775,0.00015000000000000012,0.0,0.0,-0.0010909356769364155,0.0,0.0,0,0.0,0.0,0,0.0,-0.0
396,0.1985,0.19825,0.00015000000000000012,0.0,0.0,-0.0011025436053231068,0.0,0.0,0,0.0,0.0,0,0.0,-0.0
397,0.199,0.19875,0.00015000000000000012,0.0,0.0,-0.0011141515337097982,0.0,0.0,0,0.0,0.0,0,0.0,-0.0
398,0.1995,0.19925,0.00015000000000000012,0.0,0.0,-0.0011257594620964894,0.0,0.0,0,0.0,0.0,0,0.0,-0.0
399,0.2,0.19975,0.00015000000000000012,0.0,0.0,-0.0011373673904831808,0.0,0.0,0,0.0,0.0,0,0.0,-0.0
400,0.2005,0.20025,0.00015000000000000012,0.0,0.0,-0.0011489753188698721,0.0,0.0,0,0.0,0.0,0,0.0,-0.0
401,0.201,0.20075,0.00015000000000000012,0.0,0.0,-0.0011605832472565635,0.0,0.0,0,0.0,0.0,0,0.0,-0.0
402,0.2015,0.20125,0.00015000000000000012,0.0,0.0,-0.0011721911756432547,0.0,0.0,0,0.0,0.0,0,0.0,-0.0
403,0.202,0.20175,0.00015000000000000012,0.0,0.0,-0.001183799104029946,0.0,0.0,0,0.0,0.0,0,0.0,-0.0
404,0.2025,0.20225,0.00015000000000000012,0.0,0.0,-0.0011954070324166374,0.0,0.0,0,0.0,0.0,0,0.0,-0.0
405,0.203,0.20275,0.00015000000000000012,0.0,0.0,-0.0012070149608033288,0.0,0.0,0,0.0,0.0,0,0.0,-0.0
406,0.20350000000000001,0.20325000000000001,0.00015000000000000012,0.0,0.0,-0.0012186228891900202,0.0,0.0,0,0.0,0.0,0,0.0,-0.0
407,0.20400000000000001,0.20375000000000001,0.00015000000000000012,0.0,0.0,-0.0012302308175767113,0.0,0.0,0,0.0,0.0,0,0.0,-0.0
408,0.20450000000000002,0.20425000000000001,0.00015000000000000012,0.0,0.0,-0.0012418387459634027,0.0,0.0,0,0.0,0.0,0,0.0,-0.0
409,0.20500000000000002,0.20475000000000002,0.00015000000000000012,0.0,0.0,-0.001253446674350094,0.0,0.0,0,0.0,0.0,0,0.0,-0.0
410,0.20550000000000002,0.20525000000000002,0.00015000000000000012,0.0,0.0,-0.0012650546027367854,0.0,0.0,0,0.0,0.0,0,0.0,-0.0
411,0.20600000000000002,0.20575000000000002,0.00015000000000000012,0.0,0.0,-0.0012766625311234766,0.0,0.0,0,0.0,0.0,0,0.0,-0.0
412,0.20650000000000002,0.20625000000000002,0.00015000000000000012,0.0,0.0,-0.001288270459510168,0.0,0.0,0,0.0,0.0,0,0.0,-0.0
413,0.20700000000000002,0.20675000000000002,0.00015000000000000012,0.0,0.0,-0.0012998783878968594,0.0,0.0,0,0.0,0.0,0,0.0,-0.0
414,0.20750000000000002,0.20725000000000002,0.00015000000000000012,0.0,0.0,-0.0013114863162835507,0.0,0.0,0,0.0,0.0,0,0.0,-0.0
415,0.20800000000000002,0.20775000000000002,0.00015000000000000012,0.0,0.0,-0.001323094244670242,0.0,0.0,0,0.0,0.0,0,0.0,-0.0
416,0.20850000000000002,0.20825000000000002,0.00015000000000000012,0.0,0.0,-0.0013347021730569333,0.0,0.0,0,0.0,0.0,0,0.0,-0.0
417,0.209,0.20875,0.00015000000000000012,0.0,0.0,-0.001346310101443624,0.0,0.0,0,0.0,0.0,0,0.0,-0.0
418,0.2095,0.20925,0.00015000000000000012,0.0,0.0,-0.0013579180298303154,0.0,0.0,0,0.0,0.0,0,0.0,-0.0
419,0.21,0.20975,0.00015000000000000012,0.0,0.0,-0.0013695259582170067,0.0,0.0,0,0.0,0.0,0,0.0,-0.0
420,0.2105,0.21025,0.00015000000000000012,0.0,0.0,-0.001381133886603698,0.0,0.0,0,0.0,0.0,0,0.0,-0.0
421,0.211,0.21075,0.00015000000000000012,0.0,0.0,-0.0013927418149903893,0.0,0.0,0,0.0,0.0,0,0.0,-0.0
422,0.2115,0.21125,0.00015000000000000012,0.0,0.0,-0.0014043497433770806,0.0,0.0,0,0.0,0.0,0,0.0,-0.0
423,0.212,0.21175,0.00015000000000000012,0.0,0.0,-0.001415957671763772,0.0,0.0,0,0.0,0.0,0,0.0,-0.0
424,0.2125,0.21225,0.00015000000000000012,0.0,0.0,-0.0014275656001504634,0.0,0.0,0,0.0,0.0,0,0.0,-0.0
425,0.213,0.21275,0.00015000000000000012,0.0,0.0,-0.0014391735285371546,0.0,0.0,0,0.0,0.0,0,0.0,-0.0
426,0.2135,0.21325,0.00015000000000000012,0.0,0.0,-0.001450781456923846,0.0,0.0,0,0.0,0.0,0,0.0,-0.0
427,0.214,0.21375,0.00015000000000000012,0.0,0.0,-0.0014623893853105373,0.0,0.0,0,0.0,0.0,0,0.0,-0.0
428,0.2145,0.21425,0.00015000000000000012,0.0,0.0,-0.0014739973136972287,0.0,0.0,0,0.0,0.0,0,0.0,-0.0
429,0.215,0.21475,0.00015000000000000012,0.0,0.0,-0.0014856052420839198,0.0,0.0,0,0.0,0.0,0,0.0,-0.0
430,0.2155,0.21525,0.00015000000000000012,0.0,0.0,-0.0014972131704706112,0.0,0.0,0,0.0,0.0,0,0.0,-0.0
431,0.216,0.21575,0.00015000000000000012,0.0,0.0,-0.0015088210988573026,0.0,0.0,0,0.0,0.0,0,0.0,-0.0
432,0.2165,0.21625,0.00015000000000000012,0.0,0.0,-0.001520429027243994,0.0,0.0,0,0.0,0.0,0,0.0,-0.0
433,0.217,0.21675,0.00015000000000000012,0.0,0.0,-0.0015320369556306853,0.0,0.0,0,0.0,0.0,0,0.0,-0.0
434,0.2175,0.21725,0.00015000000000000012,0.0,0.0,-0.0015436448840173765,0.0,0.0,0,0.0,0.0,0,0.0,-0.0
435,0.218,0.21775,0.00015000000000000012,0.0,0.0,-0.0015552528124040679,0.0,0.0,0,0.0,0.0,0,0.0,-0.0
436,0.2185,0.21825,0.00015000000000000012,0.0,0.0,-0.0015668607407907592,0.0,0.0,0,0.0,0.0,0,0.0,-0.0
437,0.219,0.21875,0.00015000000000000012,0.0,0.0,-0.0015784686691774506,0.0,0.0,0,0.0,0.0,0,0.0,-0.0
438,0.2195,0.21925,0.00015000000000000012,0.0,0.0,-0.0015900765975641418,0.0,0.0,0,0.0,0.0,0,0.0,-0.0
439,0.22,0.21975,0.00015000000000000012,0.0,0.0,-0.0016016845259508332,0.0,0.0,0,0.0,0.0,0,0.0,-0.0
440,0.2205,0.22025,0.00015000000000000012,0.0,0.0,-0.0016132924543375245,0.0,0.0,0,0.0,0.0,0,0.0,-0.0
441,0.221,0.22075,0.00015000000000000012,0.0,0.0,-0.001624900382724216,0.0,0.0,0,0.0,0.0,0,0.0,-0.0
442,0.2215,0.22125,0.00015000000000000012,0.0,0.0,-0.0016365083111109073,0.0,0.0,0,0.0,0.0,0,0.0,-0.0
443,0.222,0.22175,0.00015000000000000012,0.0,0.0,-0.0016481162394975984,0.0,0.0,0,0.0,0.0,0,0.0,-0.0
444,0.2225,0.22225,0.00015000000000000012,0.0,0.0,-0.0016597241678842898,0.0,0.0,0,0.0,0.0,0,0.0,-0.0
445,0.223,0.22275,0.00015000000000000012,0.0,0.0,-0.0016713320962709812,0.0,0.0,0,0.0,0.0,0,0.0,-0.0
446,0.2235,0.22325,0.00015000000000000012,0.0,0.0,-0.0016829400246576726,0.0,0.0,0,0.0,0.0,0,0.0,-0.0
447,0.224,0.22375,0.00015000000000000012,0.0,0.0,-0.0016945479530443637,0.0,0.0,0,0.0,0.0,0,0.0,-0.0
448,0.2245,0.22425,0.00015000000000000012,0.0,0.0,-0.001706155881431055,0.0,0.0,0,0.0,0.0,0,0.0,-0.0
449,0.225,0.22475,0.00015000000000000012,0.0,0.0,-0.0017177638098177465,0.0,0.0,0,0.0,0.0,0,0.0,-0.0
450,0.2255,0.22525,0.00015000000000000012,0.0,0.0,-0.0017293717382044378,0.0,0.0,0,0.0,0.0,0,0.0,-0.0
451,0.226,0.22575,0.00015000000000000012,3.1007472104634497e-32,0.0,-0.0017409796665911292,0.0,-330786136.65231454,0,0.0,-1.0256841904846459e-23,0,-1.0256841904846459e-23,7.769557742921194e-25
452,0.2265,0.22625,0.0001448970171065415,5.1029828934586215e-06,0.0,-0.0017525875949778204,0.0,-332991643.04578584,0,0.0,-1699.2506581273246,0,-1699.2506581273246,129.56786268220853
453,0.227,0.22675,0.00014045517392869685,9.54482607130327e-06,0.0,-0.0017641955233645118,0.0,-335197149.4392572,0,0.0,-3199.3984909943606,0,-3199.3984909943606,245.55383418381723
454,0.2275,0.22725,0.00013768314309889378,1.231685690110636e-05,0.0,-0.0017758034517512031,0.0,-337402655.83272856,0,0.0,-4155.740229944957,0,-4155.740229944957,321.03093276324796
455,0.228,0.22775,0.00013551512158038474,1.4484878419615376e-05,0.0,-0.0017874113801378945,0.0,-339608162.2262,0,0.0,-4919.1829401555215,0,-4919.1829401555215,382.46647359709186
456,0.2285,0.22825,0.00013371158699668263,1.6288413003317496e-05,0.0,-0.0017990193085245857,0.0,-341813668.6196713,0,0.0,-5567.602204656311,0,-5567.602204656311,435.66487251435643
457,0.229,0.22875,0.00013210215517810267,1.7897844821897462e-05,0.0,-0.001810627236911277,0.0,-344019175.01314265,0,0.0,-6157.201810142412,0,-6157.201810142412,484.879642548715
458,0.2295,0.22925,0.00013072909862537054,1.9270901374629576e-05,0.0,-0.0018222351652979684,0.0,-346224681.406614,0,0.0,-6672.061688849405,0,-6672.061688849405,528.7608888413155
459,0.23,0.22975,0.00012944717658244762,2.05528234175525e-05,0.0,-0.0018338430936846598,0.0,-348430187.80008537,0,0.0,-7161.2241231998105,0,-7161.2241231998105,571.107623825185
460,0.2305,0.23025,0.00012833532998448628,2.1664670015513853e-05,0.0,-0.001845451022071351,0.0,-350635694.19355667,0,0.0,-7596.406610364032,0,-7596.406610364032,609.6116304817136
461,0.231,0.23075,0.0001272707713554665,2.2729228644533627e-05,0.0,-0.0018570589504580423,0.0,-352841200.587028,0,0.0,-8019.808323354313,0,-8019.808323354313,647.5995221108609
462,0.2315,0.23125,0.00012635075179761684,2.364924820238331e-05,0.0,-0.0018686668788447337,0.0,-355046706.9804994,0,0.0,-8396.587696820689,0,-8396.587696820689,682.2227503666811
463,0.232,0.23175,0.00012545184491367595,2.4548155086324184e-05,0.0,-0.001880274807231425,0.0,-357252213.37397075,0,0.0,-8769.882738836812,0,-8769.882738836812,716.9379138999095
464,0.2325,0.23225,0.0001246699111206563,2.533008887934385e-05,0.0,-0.0018918827356181164,0.0,-359457719.7674421,0,0.0,-9105.095990075582,0,-9105.095990075582,748.8941451837168
465,0.233,0.23275,0.00012392826057438424,2.6071739425615885e-05,0.0,-0.0019034906640048076,0.0,-361663226.16091347,0,0.0,-9429.189392294922,0,-9429.189392294922,780.2654222124049
466,0.2335,0.23325,0.00012322969539382437,2.6770304606175776e-05,0.0,-0.001915098592391499,0.0,-363868732.5543848,0,0.0,-9740.87680714399,0,-9740.87680714399,810.9279941947374
467,0.234,0.23375,0.00012262682036527867,2.7373179634721462e-05,0.0,-0.0019267065207781904,0.0,-366074238.9478562,0,0.0,-10020.615902363616,0,-10020.615902363616,839.226581822953
468,0.23450000000000001,0.23425,0.0001220278968303543,2.7972103169645833e-05,0.0,-0.0019383144491648817,0.0,-368279745.34132755,0,0.0,-10301.559031978508,0,-10301.559031978508,867.9063484441895
469,0.23500000000000001,0.23475000000000001,0.000121501979127635,2.849802087236512e-05,0.0,-0.0019499223775515729,0.0,-370485251.73479885,0,0.0,-10558.096436841743,0,-10558.096436841743,894.7986730223379
470,0.23550000000000001,0.23525000000000001,0.0001210290143517437,2.8970985648256442e-05,0.0,-0.0019615303059382643,0.0,-372690758.1282702,0,0.0,-10797.21860497193,0,-10797.21860497193,920.4628860738572
471,0.23600000000000002,0.23575000000000002,0.00012055953037205978,2.944046962794034e-05,0.0,-0.001973138234324956,0.0,-374896264.5217416,0,0.0,-11037.122089280621,0,-11037.122089280621,946.4332191558135
472,0.23650000000000002,0.23625000000000002,0.00012016897846507565,2.9831021534924478e-05,0.0,-0.001984746162711647,0.0,-377101770.9152129,0,0.0,-11249.331049029874,0,-11249.331049029874,970.2548029788269
473,0.23700000000000002,0.23675000000000002,0.00011981117274376112,3.0188827256239012e-05,0.0,-0.001996354091098338,0.0,-379307277.30868423,0,0.0,-11450.841871706216,0,-11450.841871706216,993.3605323705144
474,0.23750000000000002,0.23725000000000002,0.00011945785210971079,3.054214789028935e-05,0.0,-0.0020079620194850298,0.0,-381512783.70215565,0,0.0,-11652.21986186721,0,-11652.21986186721,1016.6561829479143
475,0.23800000000000002,0.23775000000000002,0.00011918024757353678,3.081975242646334e-05,0.0,-0.002019569947871721,0.0,-383718290.09562695,0,0.0,-11826.102702253063,0,-11826.102702253063,1037.7405121227066
476,0.23850000000000002,0.23825000000000002,0.00011892976061334549,3.1070239386654636e-05,0.0,-0.002031177876258412,0.0,-385923796.4890983,0,0.0,-11990.74474192287,0,-11990.74474192287,1058.1832234746935
477,0.23900000000000002,0.23875000000000002,0.00011868228688722426,3.131771311277584e-05,0.0,-0.0020427858046451037,0.0,-388129302.8825697,0,0.0,-12155.322158337998,0,-12155.322158337998,1078.7848415524977
478,0.23950000000000002,0.23925000000000002,0.00011850467366014366,3.149532633985648e-05,0.0,-0.002054393733031795,0.0,-390334809.27604103,0,0.0,-12293.72219995455,0,-12293.72219995455,1097.214706345944
479,0.24000000000000002,0.23975000000000002,0.00011835633767260532,3.1643662327394815e-05,0.0,-0.0020660016614184864,0.0,-392540315.6695124,0,0.0,-12421.413198935017,0,-12421.413198935017,1114.8218346044182
480,0.2405,0.24025,0.00011820892658657346,3.179107341342666e-05,0.0,-0.002077609589805177,0.0,-394745822.06298363,0,0.0,-12549.393408847769,0,-12549.393408847769,1132.582755148511
481,0.241,0.24075,0.00011812281712442377,3.1877182875576356e-05,0.0,-0.0020892175181918683,0.0,-396951328.456455,0,0.0,-12653.690089909393,0,-12653.690089909393,1148.3223756592774
482,0.2415,0.24125,0.00011807369027465428,3.192630972534584e-05,0.0,-0.0021008254465785595,0.0,-399156834.8499263,0,0.0,-12743.604738407465,0,-12743.604738407465,1162.853932379681
483,0.242,0.24175,0.0001180245634248848,3.197543657511532e-05,0.0,-0.002112433374965251,0.0,-401362341.2433977,0,0.0,-12833.736086068055,0,-12833.736086068055,1177.495285896744
484,0.2425,0.24225,0.00011802456342488481,3.197543657511531e-05,0.0,-0.002124041303351942,0.0,-403567847.636869,0,0.0,-12904.258115868504,0,-12904.258115868504,1190.4178111888696
485,0.243,0.24275,0.00011807369027465428,3.192630972534584e-05,0.0,-0.0021356492317386334,0.0,-405773354.0303403,0,0.0,-12954.845779065055,0,-12954.845779065055,1201.561946008284
486,0.2435,0.24325,0.00011812281712442375,3.1877182875576376e-05,0.0,-0.002147257160125325,0.0,-407978860.42381173,0,0.0,-13005.216743099096,0,-13005.216743099096,1212.7364612939907
487,0.244,0.24375,0.00011820892658657345,3.1791073413426686e-05,0.0,-0.002158865088512016,0.0,-410184366.81728303,0,0.0,-13040.201318528187,0,-13040.201318528187,1222.5188736120176
488,0.2445,0.24425,0.00011835633767260531,3.164366232739483e-05,0.0,-0.0021704730168987077,0.0,-412389873.21075445,0,0.0,-13049.52589511828,0,-13049.52589511828,1229.917815614898
489,0.245,0.24475,0.00011850467366014366,3.1495326339856474e-05,0.0,-0.002182080945285399,0.0,-414595379.6042258,0,0.0,-13057.816779631767,0,-13057.816779631767,1237.22813987011
490,0.2455,0.24525,0.0001186822868872243,3.131771311277583e-05,0.0,-0.00219368887367209,0.0,-416800885.9976971,0,0.0,-13053.250572826664,0,-13053.250572826664,1243.3221170617398
491,0.246,0.24575,0.00011892976061334551,3.1070239386654616e-05,0.0,-0.0022052968020587816,0.0,-419006392.39116853,0,0.0,-13018.628916132144,0,-13018.628916132144,1246.5337187196528
492,0.2465,0.24625,0.00011918024757353682,3.08197524264633e-05,0.0,-0.0022169047304454728,0.0,-421211898.78463984,0,0.0,-12981.646439623119,0,-12981.646439623119,1249.4834698137252
493,0.247,0.24675,0.00011945785210971083,3.054214789028931e-05,0.0,-0.0022285126588321644,0.0,-423417405.17811126,0,0.0,-12932.077008272425,0,-12932.077008272425,1251.1784505503572
494,0.2475,0.24725,0.00011981117274376116,3.0188827256238975e-05,0.0,-0.0022401205872188555,0.0,-425622911.57158256,0,0.0,-12849.056553731982,0,-12849.056553731982,1249.5707498504353
495,0.248,0.24775,0.00012016897846507568,2.9831021534924444e-05,0.0,-0.0022517285156055467,0.0,-427828417.96505386,0,0.0,-12762.558749568178,0,-12762.558749568178,1247.5401177702895
496,0.2485,0.24825,0.00012055953037205984,2.9440469627940292e-05,0.0,-0.0022633364439922383,0.0,-430033924.3585253,0,0.0,-12660.400689061136,0,-12660.400689061136,1243.8843677002567
497,0.249,0.24875,0.00012102901435174373,2.897098564825638e-05,0.0,-0.0022749443723789294,0.0,-432239430.7519966,0,0.0,-12522.4023449266,0,-12522.4023449266,1236.5872315615018
498,0.2495,0.24925,0.00012150197912763505,2.8498020872365072e-05,0.0,-0.0022865523007656206,0.0,-434444937.14546794,0,0.0,-12380.820886664877,0,-12380.820886664877,1228.796473001489
499,0.25,0.24975,0.00012202789683035431,2.7972103169645813e-05,0.0,-0.002298160229152312,0.0,-434782608.6956522,0,0.0,-12161.783986802528,0,-12161.783986802528,1213.1379526835522
500,0.2505,0.25025000000000003,0.0001226268203652787,2.7373179634721452e-05,0.0,-0.002309768157539004,0.0,-434782608.6956522,0,0.0,-11901.382449878893,0,-11901.382449878893,1193.1135906003594
501,0.251,0.25075000000000003,0.00012322969539382435,2.6770304606175762e-05,0.0,-0.0023213760859256954,0.0,-434782608.6956522,0,0.0,-11639.262872250332,0,-11639.262872250332,1172.6557343792215
502,0.2515,0.25125000000000003,0.00012392826057438426,2.6071739425615858e-05,0.0,-0.002332984014312387,0.0,-434782608.6956522,0,0.0,-11335.538880702547,0,-11335.538880702547,1147.7233116711332
503,0.252,0.25175000000000003,0.0001246699111206563,2.5330088879343816e-05,0.0,-0.002344591942699078,0.0,-434782608.6956522,0,0.0,-11013.082121453834,0,-11013.082121453834,1120.581105857928
504,0.2525,0.25225000000000003,0.00012545184491367597,2.4548155086324147e-05,0.0,-0.0023561998710857693,0.0,-434782608.6956522,0,0.0,-10673.110907097456,0,-10673.110907097456,1091.3255902507153
505,0.253,0.25275000000000003,0.00012635075179761684,2.3649248202383285e-05,0.0,-0.002367807799472461,0.0,-434782608.6956522,0,0.0,-10282.281827123168,0,-10282.281827123168,1056.5044577369058
506,0.2535,0.25325000000000003,0.0001272707713554665,2.272922864453361e-05,0.0,-0.002379415727859152,0.0,-434782608.6956522,0,0.0,-9882.273323710266,0,-9882.273323710266,1020.3447206730852
507,0.254,0.25375000000000003,0.00012833532998448633,2.1664670015513795e-05,0.0,-0.002391023656245843,0.0,-434782608.6956522,0,0.0,-9419.421745875563,0,-9419.421745875563,977.26500613459
508,0.2545,0.25425000000000003,0.00012944717658244773,2.0552823417552413e-05,0.0,-0.0024026315846325348,0.0,-434782608.6956522,0,0.0,-8936.010181544529,0,-8936.010181544529,931.5790614260175
509,0.255,0.25475000000000003,0.00013072909862537065,1.9270901374629467e-05,0.0,-0.002414239513019226,0.0,-434782608.6956521,0,0.0,-8378.652771578028,0,-8378.652771578028,877.6638778227988
510,0.2555,0.25525000000000003,0.00013210215517810278,1.7897844821897343e-05,0.0,-0.0024258474414059175,0.0,-434782608.6956522,0,0.0,-7781.671661694497,0,-7781.671661694497,819.0209423933461
511,0.256,0.25575000000000003,0.00013371158699668277,1.6288413003317354e-05,0.0,-0.0024374553697926087,0.0,-434782608.6956521,0,0.0,-7081.918697094501,0,-7081.918697094501,748.9129022177437
512,0.2565,0.25625000000000003,0.00013551512158038493,1.4484878419615213e-05,0.0,-0.0024490632981793,0.0,-434782608.6956522,0,0.0,-6297.773225919658,0,-6297.773225919658,669.1384052539639
513,0.257,0.25675000000000003,0.000137683143098894,1.2316856901106152e-05,0.0,-0.0024606712265659914,0.0,-434782608.6956521,0,0.0,-5355.155174393978,0,-5355.155174393978,571.6628148665574
514,0.2575,0.25725000000000003,0.00014045517392869707,9.544826071303073e-06,0.0,-0.0024722791549526826,0.0,-434782608.6956522,0,0.0,-4149.9243788274225,0,-4149.9243788274225,445.07938962924123
515,0.258,0.25775000000000003,0.00014489701710654177,5.102982893458352e-06,0.0,-0.002483887083339374,0.0,-434782608.6956522,0,0.0,-2218.6882145471095,0,-2218.6882145471095,239.06365511745113
516,0.2585,0.25825000000000004,0.00015000000000000012,0.0,0.0,-0.0024954950117260653,0.0,0.0,0,0.0,0.0,0,0.0,-0.0
517,0.259,0.25875000000000004,0.00015000000000000012,0.0,0.0,-0.0025071029401127565,0.0,0.0,0,0.0,0.0,0,0.0,-0.0
518,0.2595,0.25925000000000004,0.00015000000000000012,0.0,0.0,-0.002518710868499448,0.0,0.0,0,0.0,0.0,0,0.0,-0.0
519,0.26,0.25975000000000004,0.00015000000000000012,0.0,0.0,-0.0025303187968861393,0.0,0.0,0,0.0,0.0,0,0.0,-0.0
520,0.2605,0.26025000000000004,0.00015000000000000012,0.0,0.0,-0.002541926725272831,0.0,0.0,0,0.0,0.0,0,0.0,-0.0
521,0.261,0.26075000000000004,0.00015000000000000012,0.0,0.0,-0.002553534653659522,0.0,0.0,0,0.0,0.0,0,0.0,-0.0
522,0.2615,0.26125000000000004,0.00015000000000000012,0.0,0.0,-0.002565142582046213,0.0,0.0,0,0.0,0.0,0,0.0,-0.0
523,0.262,0.26175000000000004,0.00015000000000000012,0.0,0.0,-0.0025767505104329048,0.0,0.0,0,0.0,0.0,0,0.0,-0.0
524,0.2625,0.26225000000000004,0.00015000000000000012,0.0,0.0,-0.002588358438819596,0.0,0.0,0,0.0,0.0,0,0.0,-0.0
525,0.263,0.26275000000000004,0.00015000000000000012,0.0,0.0,-0.002599966367206287,0.0,0.0,0,0.0,0.0,0,0.0,-0.0
526,0.2635,0.26325000000000004,0.00015000000000000012,0.0,0.0,-0.0026115742955929787,0.0,0.0,0,0.0,0.0,0,0.0,-0.0
527,0.264,0.26375000000000004,0.00015000000000000012,0.0,0.0,-0.00262318222397967,0.0,0.0,0,0.0,0.0,0,0.0,-0.0
528,0.2645,0.26425000000000004,0.00015000000000000012,0.0,0.0,-0.0026347901523663614,0.0,0.0,0,0.0,0.0,0,0.0,-0.0
529,0.265,0.26475000000000004,0.00015000000000000012,0.0,0.0,-0.0026463980807530526,0.0,0.0,0,0.0,0.0,0,0.0,-0.0
530,0.2655,0.26525000000000004,0.00015000000000000012,0.0,0.0,-0.0026580060091397437,0.0,0.0,0,0.0,0.0,0,0.0,-0.0
531,0.266,0.26575000000000004,0.00015000000000000012,0.0,0.0,-0.0026696139375264353,0.0,0.0,0,0.0,0.0,0,0.0,-0.0
532,0.2665,0.26625000000000004,0.00015000000000000012,0.0,0.0,-0.0026812218659131265,0.0,0.0,0,0.0,0.0,0,0.0,-0.0
533,0.267,0.26675000000000004,0.00015000000000000012,0.0,0.0,-0.002692829794299818,0.0,0.0,0,0.0,0.0,0,0.0,-0.0
534,0.2675,0.26725000000000004,0.00015000000000000012,0.0,0.0,-0.0027044377226865092,0.0,0.0,0,0.0,0.0,0,0.0,-0.0
535,0.268,0.26775000000000004,0.00015000000000000012,0.0,0.0,-0.0027160456510732004,0.0,0.0,0,0.0,0.0,0,0.0,-0.0
536,0.2685,0.26825000000000004,0.00015000000000000012,0.0,0.0,-0.002727653579459892,0.0,0.0,0,0.0,0.0,0,0.0,-0.0
537,0.269,0.26875000000000004,0.00015000000000000012,0.0,0.0,-0.002739261507846583,0.0,0.0,0,0.0,0.0,0,0.0,-0.0
538,0.2695,0.26925000000000004,0.00015000000000000012,0.0,0.0,-0.0027508694362332743,0.0,0.0,0,0.0,0.0,0,0.0,-0.0
539,0.27,0.26975000000000005,0.00015000000000000012,0.0,0.0,-0.002762477364619966,0.0,0.0,0,0.0,0.0,0,0.0,-0.0
540,0.2705,0.27025000000000005,0.00015000000000000012,0.0,0.0,-0.002774085293006657,0.0,0.0,0,0.0,0.0,0,0.0,-0.0
541,0.271,0.27075000000000005,0.00015000000000000012,0.0,0.0,-0.0027856932213933486,0.0,0.0,0,0.0,0.0,0,0.0,-0.0
542,0.2715,0.27125000000000005,0.00015000000000000012,0.0,0.0,-0.00279730114978004,0.0,0.0,0,0.0,0.0,0,0.0,-0.0
543,0.272,0.27175000000000005,0.00015000000000000012,0.0,0.0,-0.002808909078166731,0.0,0.0,0,0.0,0.0,0,0.0,-0.0
544,0.2725,0.27225000000000005,0.00015000000000000012,0.0,0.0,-0.0028205170065534226,0.0,0.0,0,0.0,0.0,0,0.0,-0.0
545,0.273,0.27275000000000005,0.00015000000000000012,0.0,0.0,-0.0028321249349401137,0.0,0.0,0,0.0,0.0,0,0.0,-0.0
546,0.2735,0.27325000000000005,0.00015000000000000012,0.0,0.0,-0.0028437328633268053,0.0,0.0,0,0.0,0.0,0,0.0,-0.0
547,0.274,0.27375000000000005,0.00015000000000000012,0.0,0.0,-0.0028553407917134965,0.0,0.0,0,0.0,0.0,0,0.0,-0.0
548,0.2745,0.27425000000000005,0.00015000000000000012,0.0,0.0,-0.0028669487201001876,0.0,0.0,0,0.0,0.0,0,0.0,-0.0
549,0.275,0.27475000000000005,0.00015000000000000012,0.0,0.0,-0.002878556648486879,0.0,0.0,0,0.0,0.0,0,0.0,-0.0
550,0.2755,0.27525000000000005,0.00015000000000000012,0.0,0.0,-0.0028901645768735704,0.0,0.0,0,0.0,0.0,0,0.0,-0.0
551,0.276,0.27575000000000005,0.00015000000000000012,0.0,0.0,-0.002901772505260262,0.0,0.0,0,0.0,0.0,0,0.0,-0.0
552,0.2765,0.27625000000000005,0.00015000000000000012,0.0,0.0,-0.002913380433646953,0.0,0.0,0,0.0,0.0,0,0.0,-0.0
553,0.277,0.27675000000000005,0.00015000000000000012,0.0,0.0,-0.0029249883620336443,0.0,0.0,0,0.0,0.0,0,0.0,-0.0
554,0.2775,0.27725000000000005,0.00015000000000000012,0.0,0.0,-0.002936596290420336,0.0,0.0,0,0.0,0.0,0,0.0,-0.0
555,0.278,0.27775000000000005,0.00015000000000000012,0.0,0.0,-0.002948204218807027,0.0,0.0,0,0.0,0.0,0,0.0,-0.0
556,0.2785,0.27825000000000005,0.00015000000000000012,0.0,0.0,-0.002959812147193718,0.0,0.0,0,0.0,0.0,0,0.0,-0.0
557,0.279,0.27875000000000005,0.00015000000000000012,0.0,0.0,-0.0029714200755804098,0.0,0.0,0,0.0,0.0,0,0.0,-0.0
558,0.2795,0.27925000000000005,0.00015000000000000012,0.0,0.0,-0.002983028003967101,0.0,0.0,0,0.0,0.0,0,0.0,-0.0
559,0.28,0.27975000000000005,0.00015000000000000012,0.0,0.0,-0.0029946359323537925,0.0,0.0,0,0.0,0.0,0,0.0,-0.0
560,0.2805,0.28025000000000005,0.00015000000000000012,0.0,0.0,-0.0030062438607404837,0.0,0.0,0,0.0,0.0,0,0.0,-0.0
561,0.281,0.28075000000000006,0.00015000000000000012,0.0,0.0,-0.003017851789127175,0.0,0.0,0,0.0,0.0,0,0.0,-0.0
562,0.28150000000000003,0.28125000000000006,0.00015000000000000012,0.0,0.0,-0.0030294597175138664,0.0,0.0,0,0.0,0.0,0,0.0,-0.0
563,0.28200000000000003,0.28175000000000006,0.00015000000000000012,0.0,0.0,-0.0030410676459005576,0.0,0.0,0,0.0,0.0,0,0.0,-0.0
564,0.28250000000000003,0.28225000000000006,0.00015000000000000012,0.0,0.0,-0.003052675574287249,0.0,0.0,0,0.0,0.0,0,0.0,-0.0
565,0.28300000000000003,0.28275000000000006,0.00015000000000000012,0.0,0.0,-0.0030642835026739403,0.0,0.0,0,0.0,0.0,0,0.0,-0.0
566,0.28350000000000003,0.28325000000000006,0.00015000000000000012,0.0,0.0,-0.0030758914310606315,0.0,0.0,0,0.0,0.0,0,0.0,-0.0
567,0.28400000000000003,0.28375000000000006,0.00015000000000000012,0.0,0.0,-0.003087499359447323,0.0,0.0,0,0.0,0.0,0,0.0,-0.0
568,0.28450000000000003,0.28425000000000006,0.00015000000000000012,0.0,0.0,-0.0030991072878340143,0.0,0.0,0,0.0,0.0,0,0.0,-0.0
569,0.28500000000000003,0.28475000000000006,0.00015000000000000012,0.0,0.0,-0.003110715216220706,0.0,0.0,0,0.0,0.0,0,0.0,-0.0
570,0.28550000000000003,0.28525000000000006,0.00015000000000000012,0.0,0.0,-0.003122323144607397,0.0,0.0,0,0.0,0.0,0,0.0,-0.0
571,0.28600000000000003,0.28575000000000006,0.00015000000000000012,0.0,0.0,-0.003133931072994088,0.0,0.0,0,0.0,0.0,0,0.0,-0.0
572,0.28650000000000003,0.28625000000000006,0.00015000000000000012,0.0,0.0,-0.0031455390013807798,0.0,0.0,0,0.0,0.0,0,0.0,-0.0
573,0.28700000000000003,0.28675000000000006,0.00015000000000000012,0.0,0.0,-0.003157146929767471,0.0,0.0,0,0.0,0.0,0,0.0,-0.0
574,0.28750000000000003,0.28725000000000006,0.00015000000000000012,0.0,0.0,-0.003168754858154162,0.0,0.0,0,0.0,0.0,0,0.0,-0.0
575,0.28800000000000003,0.28775000000000006,0.00015000000000000012,0.0,0.0,-0.0031803627865408537,0.0,0.0,0,0.0,0.0,0,0.0,-0.0
576,0.28850000000000003,0.28825000000000006,0.00015000000000000012,0.0,0.0,-0.003191970714927545,0.0,0.0,0,0.0,0.0,0,0.0,-0.0
577,0.289,0.28875,0.00015000000000000012,0.0,0.0,-0.003203578643314235,0.0,0.0,0,0.0,0.0,0,0.0,-0.0
578,0.2895,0.28925,0.00015000000000000012,0.0,0.0,-0.0032151865717009263,0.0,0.0,0,0.0,0.0,0,0.0,-0.0
579,0.29,0.28975,0.00015000000000000012,0.0,0.0,-0.0032267945000876174,0.0,0.0,0,0.0,0.0,0,0.0,-0.0
580,0.2905,0.29025,0.00015000000000000012,0.0,0.0,-0.003238402428474309,0.0,0.0,0,0.0,0.0,0,0.0,-0.0
581,0.291,0.29075,0.00015000000000000012,0.0,0.0,-0.003250010356861,0.0,0.0,0,0.0,0.0,0,0.0,-0.0
582,0.2915,0.29125,0.00015000000000000012,0.0,0.0,-0.0032616182852476918,0.0,0.0,0,0.0,0.0,0,0.0,-0.0
583,0.292,0.29175,0.00015000000000000012,0.0,0.0,-0.003273226213634383,0.0,0.0,0,0.0,0.0,0,0.0,-0.0
584,0.2925,0.29225,0.00015000000000000012,0.0,0.0,-0.003284834142021074,0.0,0.0,0,0.0,0.0,0,0.0,-0.0
585,0.293,0.29275,0.00015000000000000012,0.0,0.0,-0.0032964420704077657,0.0,0.0,0,0.0,0.0,0,0.0,-0.0
586,0.2935,0.29325,0.00015000000000000012,0.0,0.0,-0.003308049998794457,0.0,0.0,0,0.0,0.0,0,0.0,-0.0
587,0.294,0.29375,0.00015000000000000012,0.0,0.0,-0.0033196579271811484,0.0,0.0,0,0.0,0.0,0,0.0,-0.0
588,0.2945,0.29425,0.00015000000000000012,0.0,0.0,-0.0033312658555678396,0.0,0.0,0,0.0,0.0,0,0.0,-0.0
589,0.295,0.29475,0.00015000000000000012,0.0,0.0,-0.0033428737839545307,0.0,0.0,0,0.0,0.0,0,0.0,-0.0
590,0.2955,0.29525,0.00015000000000000012,0.0,0.0,-0.0033544817123412223,0.0,0.0,0,0.0,0.0,0,0.0,-0.0
591,0.296,0.29575,0.00015000000000000012,0.0,0.0,-0.0033660896407279135,0.0,0.0,0,0.0,0.0,0,0.0,-0.0
592,0.2965,0.29625,0.00015000000000000012,0.0,0.0,-0.0033776975691146047,0.0,0.0,0,0.0,0.0,0,0.0,-0.0
593,0.297,0.29675,0.00015000000000000012,0.0,0.0,-0.0033893054975012962,0.0,0.0,0,0.0,0.0,0,0.0,-0.0
594,0.2975,0.29725,0.00015000000000000012,0.0,0.0,-0.0034009134258879874,0.0,0.0,0,0.0,0.0,0,0.0,-0.0
595,0.298,0.29775,0.00015000000000000012,0.0,0.0,-0.003412521354274679,0.0,0.0,0,0.0,0.0,0,0.0,-0.0
596,0.2985,0.29825,0.00015000000000000012,0.0,0.0,-0.00342412928266137,0.0,0.0,0,0.0,0.0,0,0.0,-0.0
597,0.299,0.29875,0.00015000000000000012,0.0,0.0,-0.0034357372110480613,0.0,0.0,0,0.0,0.0,0,0.0,-0.0
598,0.2995,0.29925,0.00015000000000000012,0.0,0.0,-0.003447345139434753,0.0,0.0,0,0.0,0.0,0,0.0,-0.0
599,0.3,0.29975,0.00015000000000000012,0.0,0.0,-0.003458953067821444,0.0,0.0,0,0.0,0.0,0,0.0,-0.0
